,ѹ,̸,Ҽ,,̸ (),Ҽ (), (),ũּ(URL),,ũ QR ̹ (ũ click!),  (ũ click!)
,1,ſ,ũμƮ,ְӿ,Shin Yong Nyuo,Microsoft,National Tech Officier,,ũμƮ sustainability ,,
,2,,ǳó,ɻ翪,Hyunseok Ji,Sopoong Ventures,Principal,http://linkedin.com/in/hyunseokji,ȳϼ. ǳó ڽɻ  ð ִ  Դϴ.,,
,,,,,,,,,", Ƽ ȭ Ʈ带  ũ (īũ, Ŭũ, ũ) Ͽ ڸ ϰ ֽϴ.",,
,3,ؿ,׸,,Ryu JuneWoo,Gridwiz,President,http://linkedin.com/in/junewooryu,Heal the Earth!,,
,,,,,,,,," ͷ  ٲٰڴٴ  2013 ׸ â, ,  ġ,  ,   پ о߿ Ͻ Խϴ.",,
,,,,,,,,," AI  ġ   ߿ ǫ  ϴ.   ٲٴ  Բ ϰ,    մϴ.",,
,4,,ĽƼ츣,ǥ,Jongkyu Kim,60 Hertz,CEO,,"IT ҼȺó ĽƼ츣 â ǥ̻ Դϴ. ĽƼ츣 ͸ ȰϿ  8 ̻ ¾籤, ǳ Ҹ Ͽ   ǥϰ, AI Ϸ   ؼ ˷ִ ޺ٶ Ͽ  ϰ ֽϴ. 2021  Ȱ ȸ (ɻ), ҼȺó ȸ (Ѹ) ޾ҽϴ, 2023 ̱ CES Ż Ͽ, 2024 ε- ӿũ(IPEF)κ ε-  100 ũ ŸƮ Ǿϴ.",,
,5,,Capture6,λ,Leo Park,Capture6,Vice President,https://www.linkedin.com/in/leo-hyoungkun-park-phd-7a002628/," ڻ ̱ Ǹܹ븮 (DAC) ũ ŸƮ Capture6 λ̴.  ѱ ǥ  Think and Do Platform ()츮 ̷  ڹ ĺȭ(UNFCCC) 6.4 Ŀ å ε Ȱ ̴. ƿ﷯, ϴб Ӱɰ濵п ӱ̴. ߰ ´ ĺо , ſ뺸  ڹ, NH-Amundi ڻ ESG ܺڹε ˵Ǿ.  ڻ  ̱ Ŭ̹Կ (ClimateWorks Foundation) ,  ũ ŸƮ Climeworks ڹ, ı(Green Climate Fund) α, ź߸ȸ , ȸ , ļַ ο,   ڹ  ߴ. Ŀ  پ η Ѹ  ȹ ǥâ,  ǥâ, ȯ, ⵵ ǥâ ߴ.  ڻ  б(University of Warwick) ǻ  濵 л , ̱ б(New York University) 濵 MBA  ߴ. ϴб Ӱɰ濵  Ӱɱ ڻ  ߴ. ź,  غ Ǿ?  ̴.",,
,6,õ,ؽƮڸ,AI ,,NextIntelligence,AI Advisor,https://www.linkedin.com/in/jc-park/,"30   Ǹܹ븮  ڷ Ȱߴ. ֱٿ ڡ   ַǽ Űó, ̵塵 VP of Tech ϸ鼭 ӽŷ,  AI (LLM)  ΰ Ȱ   ϴ Ͻ ϰ ߴ. ۷ι ӽŷ ũ  ڡ ӽŷ Ȱ 簡 ü     ֵ ִ Ʈ  ߴ. ۷ι ΰ EduTech  ̵塵 ӽŷ Ȱ /õ ý۰  AI  Ȱ  ȭ ÷/ ý Ʈ  ߴ. ̷ Ͽ츦 ϰ ũ    Ŀ´Ƽ ӽŷ,  AI (LLM), , ,  ȭ    ϰ ִ. ֿ δ êGPT ô Ƴ⡷(2024), ڷ Ƴ⡷(2022) ִ.",,
,7,,׸,ǥ,Kim Ki Hyun,GEOGRID,CEO,https://www.linkedin.com/in/kihyun-kim-7a7587284/," ǥ ׸(Geogrid) â ǥ, б MBA AIϽ  Ͽ, ı  Ʈ ַ ߡϰ ֽϴ. ǥ ǰ ǹ   ý ν(BLOS-Building Oasis) ǽð  ͸ ̿ȭ     ý, Ｚ нƼ, б ޽Ľ, ȣݰǼ ظƮ  پ 忡  Դϴ.  ǥ  ΰ  , , ź   ذϴ ũ °踦 Ȯϰ ,     R&D        ϰ ֽϴ.",,
,8,ѻ󿱀,ǳó,ǥ,Max Han,Sopoong Ventures,CEO,https://www.linkedin.com/in/sopoong/, ں  ȸ  ϴٰ ϴ Ʈ .,,
,,,,,,,,,"н   â ؿ Serial Entrepreneur μ, 2016ʹ ó ڸ ؿ ִ. Ư , ȯ, ǰ  ũ ߽ ڸ ؿ ִ.",,
,9,ր,κƮʽ,ǥ,Hyunjoo Je,Envisioning Partners,Managing Partner,https://www.linkedin.com/in/hyunjoo-je-a55484155/,"κ Ʈʽ ǥ.  ý۰ Ͻ ذ ϴ ȸ    ϴ ŸƮ Ѵ.  1 Ʈ ڻ ο쵶 ǥ , ESG  Ʈ ڰ ں ο  ڸűϵ    ؿԴ. ̺Ƽ  Į ׷ ƽþ ̾ƿ ݵ,  ũƮ    ׾,  û Ų   ִ.",,
,,,,,,,,,,,
,,,,,,,,,"κ Ʈʽ   , 츮 ô ߿ ȯ, ȸ  ū  ȸ ȯϴ ȸ翡 Ѵ. κ   ھ 70%  ַ о߿ ؿ,  ѱ, ̱, ̰   52  ߴ(2025 3 )",,
,10,Ȳȣ,īī,,Hwang Minho,Kakao,Senior Manger,https://www.linkedin.com/in/hwang-minho,"īī AI Native   , 2013 īī پ AI ÷  ߿ ؿԴ.  Ⱓ  Kakao OpenSource  ÷ OLIVE,  ÷ Moment, Daum  ˻   ֿ Ʈ , 2024⿡ AI  ڹ TF AI Native Company TF Ͽ. īī Ի  OPENSNS ˻ ַ , ѱб(KISTI) Ʈ  ε Wipro   Ȱ  ִ.",,
,11,,ǳó,Ʈʀ,Lee Hak Jong,Sopoong Ventures,Partner,https://www.linkedin.com/in/hakjong-lee-80784695/,"  ȯ о߸ ߽ ŸƮ ڸ ϰ ֽϴ. 2016 ǳó շ   ð , ǰ, ڿȯ,  ȯ о߿    ֽϴ.",,
,,,,,,,,," ε ͸ ߰,    ΰ   ȭ ų  ִٰ ,   ڿ ȯ  Ӱ ý  ŸƮ մϴ.",,
,,,,,,,,,,,
,,,,,,,,,"Ʈũ, ϺƮ, ο, ̵  ǰ ڿȯ,    ϴ  Բϸ,      մϴ.",,
,12,̷,() 츮 ̷,,Ire Kim,Coalition of Our Common Future,Director,www.linkedin.com/in/ire-kim,-,,
,13,,ܹ ļַ,"ȣ, ̀",Jihyeon Ha,Solutions For Our Cliamte,"Attorney at law, Director",,"ܹ ļַ  å ι , ȣ.",,
,,,,,,,,,,,
,,,,,,,,,"ļַǿ շϱ  AI ŸƮ, S-OIL  ȣ ߰, ļַǿ շ ڷδ  ½, üܹ ǰ  ½ǰ , ȯ å  ϰ ִ.",,
,14,ֹ,ΰũ,ǥ,,,CEO,,"Ӱ  ó,  ̿, ó   ź, ̿ ̿ ڿ ̿  , ",,
,15,ȿ,۷ιŻź,ǥ,Hyoeun Jenny Kim,Global Industry Hub,CEO,https://www.linkedin.com/in/jenny-hyoeun-kim-73b828334/," ʶƮ ܵ鰣 ü ۷ιδƮ(Global Industry Hub) ְ濵(CEO)μ 1.5 ǥ ϴ о ȯ Ȱ ϰ ִ. ܱ ĺȭμ  ĺȭȸ ǥ Ȱϰ, ĺȭ  ֵϿ. ⱸ ۷ι忬(GGGI) 繫 30   ź  Ȱ Ͽ. ѱ μ ʷ ϶縷 ̳ ī  װ 翡 ӸǾ ѱ  ī 鰣   ȭ ⿩ߴ.",,
,,,,,,,,,"1992 ܹø  ܱο Ժ,  ǥ, ַ縶Ͼ   OECD ǥο ٹ߰, 蹫ⱸ(WTO)  ĺȭȯ , APEC ȸ  OECD ȯȸ  ´.",,
,16,ȣ,𾲸  Ʈʽ,ɻ翪,Gunho Moon,D3 Jubilee Partners,Investment Manager,https://www.linkedin.com/in/derek-moon-568a48b6/,"D3  Ʈʽ ڽɻ翪 ٹϸ, ȯ  ׸ũ    о  ϰ ֽϴ. M&A ڹ   繫 м  𵨸  ϰ ,  AI   о߿ ȿ ϴ   Žϰ մϴ.",,
,17,躴,ȯ,,,Institute for Green Transformation,,," ȯ  ϸ ùε ϴ å µ ַϰ ִ. Ŀ , Ŀ AI  ֱ ɻ.",,
,18,ؿ,(),λ,Joon Woo Roh,"WIZAI Co., Ltd.",Vice President,www.linkedin.com/in/joon-woo-roh-a3778724,", , ȯ AI ȸ () λ  ̴.",,
,,,,,,,,, йڻ.,,
,,,,,,,,,"п  , WISEܿ  ձ  ߴ.",,
,,,,,,,,,"/ｺɾ , ̷Ŀü  ߻",,
,,,,,,,,,"/ , , ΰ , Ѱåڷν  ߴ.",,
,19,ſ,(8   ),θƮ,Yoon Shin Young,,,,//  .  θƮ.,,
,,,,,,,,,,,
,,,,,,,,,"  ̵ ƻ̾ ڷ Ȱϸ еơ , Ϻ   ƴ. ̵ ÷ alookso() ͷ ϸ ŸƮ 踦 üߴ.",,
,,,,,,,,,,,
,,,,,,,,, м /    θ ϰ ִ. װ ӽŷ ̵ Ȱ  ϰ ִ.,,
,20,뼮,ȯ,μ,Oh Yongseok,Institute for Green Transformation,Deputy Director,,"ȯ Ʈũ ǥ̸, ȯ μ̴.",,
,,,,,,,,,,,
,,,,,,,,,"Ӱɹȸ ĿƮũ , ѱġȯƮũ ü , Ƚɿ ̻,  ű  ߴ. 뱸 4 ȹ, 뱸 ׸ å  ߴ.",,
,,,,,,,,,,,
,,,,,,,,,"ȸ     ȯ ± Ȯ, ġ  Źͽ å ϴµ  ɰ  ̰ ִ.",,
,,,,,,,,,,,
,,,,,,,,,"ϴб ĺȭа  ޾Ҵ. 2015 ȯ  ǥâ, 2018   ǥâ ޾Ҵ.",,
,21,,ѱг,,Nam Jae Jak,Korea Precision Agri. Research Institute,Director,,ѱг . ĺȭ ķ޸   ϰ ִ.,,
,,,,,,,,,,,
,,,,,,,,,"Ư ź߸ȸ  󸲽ǰбȸ  ϸ  ĺȭ б å  ڹ ؿ , ǿȭ, û б  о ĺȭ     ߴ.",,
,,,,,,,,,,,
,,,,,,,,,ֿ δ [ķ ѹα] ִ.,,
,22,,ֶƮʽ,̻,Jihun Roh,SOLAR PARTNERS,Director,https://www.linkedin.com/in/jihunroh,"Throughout my career, I have strategically chosen to immerse myself in the dynamic fields of venture capital and private equity. My path includes significant roles with Korea Venture Investment Corp (KVIC) as LP and impactful stints in private equity in Hong Kong. These experiences have equipped me with a keen ability to identify and nurture high-potential ventures. Driven by a passion for innovation and strategic investment, I continue to advance in the ever-evolving landscape of finance and technology.",,
,23,ο,κƮʽ,,Inwon Park,Envisioning Partners,Investment Director,,Ʈ ڻ Envisioning Partners(κ Ʈʽ) .,,
,,,,,,,,,"κ Ʈʽ  ũ    , 2022 ʿ  ַǿ  ϰ ΰ ڱ 100% Ἲ   ݵ ""[κ Ŭ̹ ַ ݵ](https://www.mk.co.kr/news/it/view/2021/09/920152/)"" Ἲߴ.",,
,,,,,,,,,"ο  κ Ʈʽ   ũ о ڸ ϰ ִ. ǥ Ʈδ ġ, , JRַ, , ̸, , 淹, Ͼ  ִ. VC    ȣ/μ ߰ Ưο ߴ.",,
,24,ֱ,ܹ ؽƮ,,Choi Gyun,NEXT group,External Relations Lead,https://www.linkedin.com/in/gyun-choi-7b702836/, Ŀ о 񿵸 å ũũ ܹ ؽƮ   ð ֽϴ.,,
,,,,,,,,,"ؽƮ ¸, ػǳ, (ö, ȭ) Żź, ĺȭ  پ о߸ , å Ծڵ    ִ  м  å ϴ  ǥ ϰ ֽϴ. ֱٿ ۷ι ũũ, CSO   ƽþ  ȯ ϱ  鵵 ϰ ֽϴ. /ΰ ؼ     信 ġ  ũ  ̿   鵵 Žϰ ֽϴ.",,
,,,,,,,,,,,
,,,,,,,,,"ؽƮ      ȭ ̲ , ؿ   پ   Ȱ ȹϰ ϴ  ϰ ֽϴ. ؽƮ շ  13Ⱓ ѱ򰡿 ΰ ػǳ ߻   å о  ׾ҽϴ.",,
,25,ȫ,īīƮ,ũƮ ,Jinah Hong,Kakao Impact,Team lead,https://www.linkedin.com/in/giinahong/,"īīƮ ϰ ֽϴ. ȸŰ     ȸ ذ ϴ  'ũƮ' մϴ. IT, AI     پ   ذ  غ ;! ̷  ޸⸦ մϴ.  Ⱓ  ޸  е Բ ޷!",,
,26,,ƻ곪,̻,,Asan Nanum Foundation,,https://www.linkedin.com/in/yoonmi-eom/,"ʶƮ  񿵸 о .  ܹ  CSO  ϸ LG÷ (̻, ESG)  ƻ곪 ̻ȸ (̻)  Ȱϰ ִ. Ư, ƻ곪 2025  ǥ Ƽ š ϰ, ۷ι, پ缺, ũ   ϰ ִ.",,
,,,,,,,,,,,
,,,,,,,,,"2014 ó ʶƮ  C Program  ǥ ʶƮ  񿵸 о߿ ϱ ߴ.  IBM, Ų, ̰  ۷ι ȸ翡   ߴ.",,
,27,輺, ̼,ǥȣ,Sunghoon Kim,MISSION Law Firm,Managing Partner,https://www.linkedin.com/in/sunghoon-kim-5b7a50245?utm_source=share&utm_campaign=share_via&utm_content=profile&utm_medium=android_app,"Founder & Managing Partner, MISSION Law Firm | Advocate for Cross-Border Startups & Venture Investments | Adjunct Professor at Yonsei Law School",,
,,,,,,,,,,,
,,,,,,,,,"Building a community of hospitality and solidarity beyond borders, for a better world for future generations.",,
,,,,,,,,,,,
,,,,,,,,,"I am the founder and managing partner of Mission Law Firm, specializing in venture investment and startup ecosystems. My role encompasses shaping Mission's vision and strategic direction, dedicated to serving startups as a trusted neighbor and reliable partner, ensuring innovators receive the comprehensive legal and strategic support needed to thrive.",,
,,,,,,,,,,,
,,,,,,,,,Areas of Expertise,,
,,,,,,,,,,,
,,,,,,,,,"I have expertise and experience in structuring venture investments, M&A transactions, and guiding startups through cross-border expansion. My practice emphasizes solving the complex legal and regulatory challenges inherent in cross-border business activities. Additionally, I have a strong interest in the societal implications of artificial intelligence and the establishment of balanced regulations that harmonize technological advancements with societal values.",,
,,,,,,,,,,,
,,,,,,,,,Policy and Advisory Roles,,
,,,,,,,,,,,
,,,,,,,,,"I actively advise on national policies and legislation aimed at fostering sustainable startup ecosystems. My advisory roles span multiple governmental and private-sector committees, focusing on regulatory innovation and reform to create a supportive environment for venture investments and entrepreneurial growth.",,
,,,,,,,,,,,
,,,,,,,,,Academic and Research Activities,,
,,,,,,,,,,,
,,,,,,,,,"As an Adjunct Professor at Yonsei University Law School, I have developed and teach pioneering legal education programs specifically tailored for entrepreneurs and venture investors. My educational approach integrates legal expertise, business acumen, and technological insights, nurturing future leaders who are equipped to navigate complex global markets. Furthermore, my research addresses the impact of AI on democracy and society, advocating for responsible governance frameworks to guide the development and use of AI technologies.",,
,28,,ֶƮʽ,̻,Jung Yeon Woo,Solar Partners,Partner,,ֶƮʽ ̻  .,,
,,,,,,,,,,,
,,,,,,,,,"Ӱɼ    Ŀ  ȭ ̲ κе鿡  ,",,
,,,,,,,,," , Żź       ⿩ ϴ 鿡  ġ Դϴ.",,
,29,,īīƮ,ũƮ Ŵ,Moon Sookhee,Kakao Impact,"Tech for Impact, Manager",https://www.linkedin.com/in/sookheemoon,"īīƮ ũƮ  Ŵ   ȸ  ذ  ȹϰ ϰ ִ.  ȭ 糭    ġ  ؿ  ,  ̷ ȸ  ؼϴ   ⿩     ϰ ִ. ¥ ȭ  Ǻο ʹ ȭ   ̷ٰ ,    ϴ  Ŀٶ Ʈ   ִٰ Ѵ.",,
,30,,繫 ,ǥȣ,Kang Byung Sam,Law Office Kang & Associates,Managing Partner,, ֽ(2022. 8. ~ 2024. 6.). 繫  ǥȣ.,,
,,,,,,,,," ϴ  ڶ ڿ  ȯ ȭ ü߰,   Ⱓ     湮ϸ ĺȭ ɰ . ̷  ̷     ϰ  Ⱑ . 2012 ȣ Ȱϰ ,   , ¶θ,     ־  ð  ٶ󺸰 .",,
,31,ȫȣ,Hong Jong Ho,,Hong Jong Ho,Hong Jong Ho,Professor,,"ȫȣ  ѱ߿(KDI) Ѿ   б ȯп , ƽþȯڿȸ(AAERE) ȸ, ѱȸ ȸ, ѱȯȸ ȸ,   Ư , ()ȯ Ӱǥ, ȯ ǥ  ߴ.  ȸ    ڹ ð ,    ȯ 2023 41ȸ Ű 濵 ι йȭ ߴ.",,
,,,,,,,,,,,
,,,,,,,,,,,
,,,,,,,,,"Dr. Hong is a Professor and former Dean of the Graduate School of Environmental Studies at Seoul National University. After receiving his PhD at Cornell University, he held positions at Korea Development Institute and College of Economics and Finance at Hanyang University, He has previously served as the President of the Asian Association of Environmental and Resource Economics, the Korean Association of Public Finance, and Korea Environmental Economics Association. His served as Chairman of the Energy Transition Forum of Korea and Co-President of the Korean Federation for Environmental Movement. He is the author of the award-winning book, Climate Crisis the Great Shift of Wealth.",,
,32,,īīƮ,̻,Sukyoung Ryu,KakaoImpact,Chairperson,,KAIST īīƮ ̻. к к.,,
,,,,,,,,,,,
,,,,,,,,,"KAIST к ֿ, ù  к KAIST AI  ߴ. AI  ҼƮ Ȱ ȭ ⿩ϰ 2024 6 īīƮ ̻ ϰ ִ.",,
,,,,,,,,,,,
,,,,,,,,," ̻ Ϲٵ ,  ũνý ҿ    KAIST ߴ.  ȸ  ذϴ   缺  , پ   缺 α׷ ϰ ڹϰ ִ.",,
,33,,ѱȸġ,̻,Hyun Dae Kim,SVs Fund,Chairman,,ȸ о  ڱ ϴ ͹ ̲ . ĺо Ʈݵ嵵 ֿ ó.,,
,,,,,,,,,ѰܷŹ ǥ  .,,
,34,,ƻ곪,濵,Yuna Choi,Asan Nanum Foundation,Deputy Director,,ƻ곪 2021  ȯ ϴ š 濵 ǥ ߽ϴ.  ô ν    â ȸŰ ϰ ֽϴ.,,
,,,,,,,,,1. ũ ŸƮ   ƻ UniverCT (University  Climate Tech),,
,,,,,,,,,"2023,  ֿ е Ʈʽ  ۵  α׷ ķ۽  ũ â  ϰ ũ ŸƮ  ϴ  ǥ մϴ.",,
,,,,,,,,,2.    Ȯ  ֿ ڱ,,
,,,,,,,,,ƻ곪 'ֿ ڱ'  å(LP)μ ʱ ܰ óĳ ݵ  ׼Ϳ մϴ.,,
,,,,,,,,,"2024, ANF   ǥ    ȮϿ,  ߽ ݵ Ἲ ϰ ũ ŸƮ Ȯ ϴ  ư ֽϴ.",,
,35,ؿ,ǳó,Ʈ,,Sopoong Ventures,,,"ǳó  sopoong ǥ Ʈ  â Ȱߴ.  ٲٷ Ǹ  ϸ ׵   ̶ ϴ´.    ȸ daum cpo 񽺸 Ѱϸ ,  ޱ⵵ ߴ.",,
,,,,,,,,,,,
,,,,,,,,,  ַ  õ   . â    ٲٴµ ð  .       .,,
,36,,īī ͼ,Ŵ,Wontae Kim,Kakao Datacenter,Manager,www.linkedin.com/in/kim-dc-engineer,ͼ Ͼ. ͼ ݼ   ϸ ESG Բ ϰ ִ. ħð ׽Ʈ     پ Ȱ ϰ ִ.,,
,37,,īī,ͼ ,Oh Bo Young,Kakao,Datacenter Leader,,īī ͼ ,,
,,,,,,,,,,,
,,,,,,,,,"ټ ͼ //  ,",,
,,,,,,,,,"Ư, ͼ  ް ȿ Ȱ뿡    ",,
,,,,,,,,,پ õ Ȱ ϰ ִ.,,
,,,,,,,,,"AI ͼͷ ȯ  κ, AI ù  ̷   Ȱ뿡  ϰ ְ",,
,,,,,,,,,ͼ ο ̷ ׸ غ  ̴.,,
,38,,̴ـ,ǥ,Kim Jong hyun,sumida,CEO,," ̷ġ µ ⿩ϴ  Ҹ ϸ,  , ȸ, ȸ, û    پ  °踦 Ȱȭϴ Ȱ ϰ ֽϴ.   Daum ؽ ׷   Ͽ,   Ǫ  񿵸  ڿ Ȱ F&B Ͻ ϴ ȸ ̴ ǥԴϴ.  縦 ϴ ִūϼ  ߽ϴ.",,
,39,Źö,丶 κƮƮ / ǳ ó,ǥ / Ʈ,Min Chul Shin,TOMA Investment/ Sopoong Ventures,CEO / Growth Partner,,۳Ⲩ ø ״ ڽϴ.,,
,40,ڿ,KISڻ,ESG,Park Yongjin,KIS Pricing,Head of ESG׷,,) EYѿȸ ĺȭ  Ӱɰ濵 Ʈ/,,
,,,,,,,,,) ()LG CSR Ѱå,,
,,,,,,,,,) UNFCCC  Registry System Administrators' Forum ѱ ǥ,,
,41,, ȯ濡å̀,ȣ,Jee Hyunyoung,SNU CEELP,Attorney at law,,"2017 ΰ ũũ, , ùδü  پ Ϳ ȯ, Ŀ, ESG о߿ , ڹ, , Ҽ  ؿԴ. ȸ  ڹȸ , ѱȸؿ ȸ , Ѻȣȸ ESG Ưȸ   ð ִ.",,
,42,ſ,()ż̿,,Kim Sin Woo,Shinsung E&G,Managing Director,,"߰߱ ȹ  ڴ ӿ, ¾籤  ź߸ ٽ  ߽    м ϰ ֽϴ. , IR, ȫ  ESG      Ѱϸ, Ӱ  ȯ  ǹ  ϰ ֽϴ.",,
,43,Ⱦ,εེڸ,,Yangsoon An,Zespri Fresh Produce Korea,Head of Zespri Global Supply Korea,,  εེ ڸ() ,,
,,,,,,,,,"ѱ  Ű   ǰ    ֵؿԴ.  5Ⱓ  Ű Ͻ 2 ̻ Ȯϸ,   Ȯ뵵   Դ.",,
,,,,,,,,,"Ȯ   ü ȭ  ǰ 强 , ֿ   ߽   ȭ  ȭ ̲ ѱ Ű  ΰġ    ִ  ߴ.",,
,,,,,,,,," ȭ ۷ι  ӿ    ° ࿡  ū  ΰ , 󰡿  °  ߽    ѱ Ű  ȭ  ϰ ִ.",,
,44,ѽ,¡ ݹ繫Ҁ,ź߸  ESG  Ӏ,,,,,"¡ ݹ 繫 ź߸  ESG Ҵ ַ ĺȭ, ź߸, ESG, ȯ, ҿ,    ϸ ſ ̳ H2 ̽   ۼϿ ѱ, ߱, ̱, Ϻ  ȸ  鿡  帮 ֽϴ.",,
,,,,,,,,,"ֱٿ ߱   ȿ  ǿ, ں, H2KOREA å  Ͽ 2025 12 Ųؽ ϴ WORLD HYDROGEN EXPO ߱ ġ, 2026 3 ¡ CHEE ѱ ġ, 2026 ݱ ѱ 굿  ȸ  Ʈ Ǹ غ߿ ֽϴ. 2025 8 1 ѱ 굿  ȸ Ͽ    ȿ  ǥ Ͽϴ.",,
,,,,,,,,,"2025 2 ߱ȸ Բ ѱź 湮Ͽ  ŷ CCUS ¿  ǳϿ 2024 6 ѱ, ¡ݹ繫, ߱ȸ  ߱  ŷ ̳ Ͽ ߱ 츮鿡 ü ߱  ŷ Ͽ, 2023 11 ѱ, ݹ繫, ߱ȯ ȸ  ź߸  ̳ Ͽϴ.",,
,,,,,,,,, ټƮ ׷   ĺȭAI  ȸ ϴ  ̸ Ϲݱ     üȭ   մϴ.,,
,,,,,,,,," ߱ ȯ ڻ     ¡ݹ繫ҿ ַ   ĺȭ, ź߸, ESG, ȯ,     Ʈ  ϰ ֽϴ.",,
,45,,īī,PL,,Kakao,PL,www.linkedin.com/in/--582147198,īī CAü ȯ PL(Ʈ ).,ȿ ּ -   ,
,,,,,,,,,,,
,,,,,,,,,"׷    ȯ ȭ ϰ , IT   ͼ ź߸,  ũ ,      ϰ ִ.",,
,,,,,,,,,,,
,,,,,,,,,"īī շ  ڵ, SK() ƼCIC  پ  ȯ ̽  , 2023⿡ SK׷ 迭   ִ  PPA  Ʈ ϴ    ȯ ⿩Ͽ.",,
,46,赿ȯ,Ƽ,ǥ̻,Dong Hwan Kim,42Maru Inc.,CEO,https://www.linkedin.com/in/d-k-kim/,"赿ȯ ǥ  ŸƮδ ʷ ۷ι ΰ (MRC) ȸ SQuAD 2.0  AI  1 ޼,  ִ Techstars London ÿ ϰ ڸ ġ Ƽ ǥ̻Դϴ.",,
,,,,,,,,,"ΰȸ, ÷ȸ, ź߸  ȸ ũ, ߼ AXȸ  μ  AI/AX å  ⿩ϰ, AI̷   ټ ΰȸ  ѹα AI ͷ Ծ翡 ⿩ Դϴ.",,
,47,, ̾,GIS Ʈ,Yoojung Yang,LAUTEC KR,Senior GIS Consultant,https://www.linkedin.com/in/yoojungyang/,"   о߿  Ȱ ġ âϴ GIS ƮԴϴ. ػǳ   м  ܰ     ϸ    ؿԽϴ.   糭ý ȭ Ʈ ̲, ǽð  м ðȭ     ü ȭ ⿩  ֽϴ.",,
,48,,б ũ,,Seulki Yoon,SNU Climate-tech Center,Team Leader,,"б ڻ  ̸, ı å    ϰ ֽϴ.  SKȸġ ڹ źҽ ı  μƼ    źҽ   å    ÿ ַ߽ϴ.  AI ȯ  ,  MRV, źҹ    ı ΰ տ   ϰ ֽϴ.  Ѿ ȸ ȯ ̲  Ӱɼ    ذ θ Žϰ ֽϴ.",,
,49,,ֽȸ Ƽ,ǥ̻,Daegyu Seo,Big Mobility Inc.,CEO,https://www.linkedin.com/in/daegyu-david-seo-69931651/,ֽȸ Ƽ Founder & CEO,,
,50,⸸,߼Һó,,Kiman Kim,Korea SMEs & Startups Institute,Research Fellow,, ߼Һó  ϰ ֽϴ.,,
,,,,,,,,,  ӿ ٹϿϴ.,,
,,,,,,,,,ź߸ȸ ȯ а  Ȱϰ ֽϴ.,,
,51,,īīó,,Hyunik Cho,Kakao Ventures,Principal,https://www.linkedin.com/in/hyunik-cho/,"ʱ ܰ AI, B2B SaaS,   ũ  ŸƮ ϴ óĳŻƮ",,
,,,,,,,,,°     ȸ ߱մϴ.,,
,52,ȯ,ȭ׸ݵ,åӿ뿪,Eun Gihwan,Hanwha Greenhero Fund,Portfolio Manager,https://www.linkedin.com/in/gheun?utm_source=share&utm_campaign=share_via&utm_content=profile&utm_medium=ios_app,"ȯ 뿪 2019  , ȯ  ڸ ϱ Ͽ. 2020 ȭ׸ݵ带 ȹϿ Ͽ, åӿ뿪μ ݵ带 ϰ ִ. ȭ׸ݵ ¾籤, ǳ, , ͸, ESS, , Ʈ, ΰ   ʿ پ  ϴ ݵμ,  ֽĿ ϴ ݵ̴.    ȯ ʳ ̻ ӵ ̸,  ĸũ  Ŀ ̹Ƿ, ݰ  ڱݿ Ư  ݵ̴",,
,53,̿,2050,̻,Wonjae Lee,LAB2050,Chairperson,https://www.linkedin.com/in/wonjae-lee-1b8a7a,̿,,
,,,,,,,,,"а. LAB2050 ̻. ESG, ȸ, ⺻ҵ, GDP ǥ  ο å ϰ ˸  ؿԴ. ɻȸ, ⵵ å°, ȹȸ     ִ.  ΰ ô븦 Ǿ  ǾƷ   ϰ ִ. а 濵 , ϴ  Բ ￡ ϰ ִ.",,
,54,ְ,ǳĿƮ,ǥ,Kyunghee Choi,Sopoong Connect,CEO,https://www.linkedin.com/in/khchoisopoong/,"â , ׸ ȭ ڷ ƿ   "" ɼ""   ߽ɿ ΰ ߽ϴ.",,
,,,,,,,,,,,
,,,,,,,,,"ũ ŸƮ 'Ʃ͸'  â ϵ̳ʽ ߰,  ǳó շ 5Ⱓ ʱ ŸƮ ڸ ߽ϴ.  ǳ л  ׼ ǳĿƮ ǥ, âڿ Բ ȣϴ ڸ  ֽϴ.",,
,55,,ȯ濡,,,Gyeonggi Environment Energy Agency,,,ȯ濡,,
,56,,ǳó, Ŵ,Seungju Baek,Sopoong Ventures,Senior Manager,,Ʈ ڻ ǳó ݵ  ǹ,,
,57,񿵀,ǳĿƮ,Value-up&Growth ι,Kim Heeyoung,Sopoong Connect,Director,,"ǳó  带  , 2025  ȸ л ǳĿƮ Value-up & Growth ι Ѱϰ ֽϴ.",,
,,,,,,,,,"ǳĿƮ   ں  ŸƮ ϰ,      ڿ 踦  ŸƮ    մϴ.",,
,,,,,,,,,,,
,,,,,,,,," ǰ о , Ƽ  ڿȯ о  Բ  ̳뺣̼ Ʈ ϸ,  ŸƮ    ϰ   ֵ  ֽϴ.",,
,,,,,,,,,", ǳĿƮ Ἲ ù  ٽ η Ͽ ں    ᵵ  ϰ ֽϴ.",,
,58,ȫ,ǳó,,Jiae Hong,Sopoong Ventures,Management Lead,https://www.linkedin.com/in/jiae-hong-71298a99/,"ũ  ڻ ǳó , ݵ   Ἲ ǹ Ѱϰ ֽϴ.  10 ݵ Ἲ , 500  Ը AUM  ٽ ⿩, Ʈ °迡 10 Ⱓ ŸƮ , ,   پ Ȱ  ׾ƿԽϴ. ŸƮ   ȸ ȭ ٰ , ũ ŸƮ  ϸ Ʈ °迡  ° ֽϴ.",,
,59,ȫؼ,ǳĿƮ,ӸŴ,Hong Haesung,Sopoong Connect,Senior manager,www.linkedin.com/in/ؼ-ȫ-061760287,-,ȿ ּ -   ,
,60,̺,âż,ǥ̻,Lee Byung Sun,JCCEI,CEO,," â ̰,  ׼̱⵵  âż͸ 3 ° ̲ ִ ǥ.",,
,,,,,,,,,"âżʹ   о̸ ̷̱⵵  ũ,   ŸƮ  ϰ  Դ.  47 Ʈ   ũ  ŸƮ 10 ̸. ε ũ  â ֿ   Ȯ ȯϸ   ȹ.",,
,,,,,,,,,̺ ǥ Źڷ Ŀ ؼ Ŀ´̼ǰ īī ġ  °迡  ̾ ִ.,,
,61,,ƽþ ĺȭ  ׷,ѱ,Daehyun Cho,AIGCC (Asia Investor Group on Climate Change),Korea Program Manager,https://www.linkedin.com/in/daehyuncho94/,"ƽþ ĺȭ  ׷ (Asia Investor Group on Climate Change, AIGCC) ѱ ѱ    ϰ ִ.",,
,,,,,,,,,,,
,,,,,,,,,"AIGCC ƽþ ĺȭ  ִ  ̴ϼƼ, 2024 7 Korea Working Group , åԾ    پ Ȱ  ̴.",,
,,,,,,,,,,,
,,,,,,,,,"б 濵л  濵йڻ , ѱб(KAIST) 濵åα׷ 濵м  Ͽ.",,
,62,,ļַ,ǥ,,,,https://www.linkedin.com/in/joojin-kim-ab904824/," ǥԴ ļַ ڷ    & 繫ҿ ټ Ʈ  ڹ  ۹  Ͽϴ. û ź߸ȸ , 2050 ź߸  ȸ åȸ  ϴ   ĺȭ å ؼ ڹ ϰ ֽϴ. б ܱа  б ȯп  Ͽ, ̱ Ÿб ȯ м  ޾ҽϴ.",,
,63,ȣ,TGI,ǥ̻,Jinho Choi,TGI,,https://www.linkedin.com/in/calmglow/,"⵵  ÷   RE100÷ǰ . ǻó÷ óƮ, ַ",,
,64,п,ѹα ȸ,ȸ,Lee HackYoung,National Assembly of the Republic of Korea,Deputy Speaker,,"ȸ , ȸ ȯ뵿ȸ  ()ȸ ڿ߼Һó",,
,,,,,,,,,,,
,,,,,,,,," ȯ  , Ż     ȸ  Դ.",,
,65,ϴ,ȸ,°,Park HaNeul,National Assembly,Chief Advisor,,,,
,66,,ۺ,ǥ̻,Jeungbin Kim,SuperBin,CEO,www.linkedin.com/in/jeungbin-kim-67956976,Ȥ   ãƼ Ϸ ڽϴ.,,
,67,,ȯ濡,,Na Ji Hun,Gyeonggi Environment Energy Agency,Team Leader,,ȯ濡 ȯ ̴.,,
,,,,,,,,,"븲(DLenc.) ߿  9Ⱓ ȯ濡 о   Ͽ,  ѱȯܿ      Ͽ, ΰ ߰ о å  Ͽ.",,
,,,,,,,,,,,
,,,,,,,,,"ȯ濡 о      å   ,  ⵵ ȯ  ũ  õ  ϰ ִ.",,
,,,,,,,,,,,
,,,,,,,,,øб ȯ ڻ ޾Ҵ.,,
,68,̿,,,Okhyeong Lee,"Eugene Investment & Securities Co., Ltd.",Senior Managing Director,,Profile,,
,,,,,,,,, żڽ,,
,,,,,,,,,,,
,,,,,,,,," ұ ߰߱  'ں' ȸ ȸμ,    ϴ ǰϰ   Ѵ. (żڽ) ߼Һó Ͼ 4  Ǿ, о 迭 踦    ȸ   ƴ϶ ܰ躰  ַ   â° ں °踦 ܴϰ ϴ   ϰ Ѵ.",,
,,,,,,,,,,,
,,,,,,,,,"̿ 󹫴 ڿ, ̷âк, ߼Һóο 嵿å, âݰ, â°, óå  ٹϸ   ϴ å  20Ⱓ , 2022 3  żڽ ̴.",,
,69,,ȸ(п ǿ),񼭰,,,,,,,
,70,Ѽ,⿬,ȯ濡 ,Hansoo Kim,Gyeonggi Research Institute,"Climate, Environment and Energy Research Division / Director",,⵵  å ⿬ ȯ濡 ,,
,,,,,,,,,,,
,,,,,,,,,"ȯ濡 о߿  , ٰű å   ֵ پ  ϰ ִ. Ư LiDAR ȰϿ ź ȭ, ¾籤  , , , ȫ  ѱ 迡    ϰ Ǽ ִ å  ִ.",,
,,,,,,,,,,,
,,,,,,,,,"ֱ װ  ȰϿ  ÷ ϰ ù, ,  ͸ ϰ , ȯ濡 Ϳ AI  ȿ ִ å ϰ ִ",,
,71,ڼ,,ǥ̻,Sunghyun Park,Rebellions,CEO,https://www.linkedin.com/in/sunghyun-park-21049160/,AIݵü  ͼ ,,
,72,輱,ѱбȹ򰡿,,Kim Sun Kyo,KISTEP,Research Fellow,https://www.linkedin.com/in/sunkyo-kim-0185a0121/,"ѱбȹ򰡿 R&D   ź߸ å, (͸, ڷ,  ), R&D (Ÿټ)     ̴.",,
,,,,,,,,,,,
,,,,,,,,," ½ýۡ ǿ  ڻ ޾Ұ,  ȯ    ϴ  ؿ ִ. å Բ ,  ߰  ȯ ̷   ϰ, å  ⿩ϰ ϰ ִ.",,
,,,ֽȸ ,󹫀,Yoo Jongtae,UBATT Inc.,CPO,www.linkedin.com/in/jongtae-yoo-145690262, ͸ ŸƮ  ȹ Ѱ.,,
,,,,,,,,,źҳ ͸ ϰ ѱбȹ򰡿 Һ  ⿬() å   ߴ.,,
,,,,,,,,,"װ Ƽ    ͸   ϰ , бȸ ȹȸ ȯ а ε Ȱϰ ִ.",,
,,Ǽ,TV,,KWON SOONWOO,3PROTV,Director,https://www.linkedin.com/feed/,,,
,,,,,,,,,,,
,,,,,,,,,"17Ⱓ   ؿ  Դϴ.   Ʃ ̵ TV ̵  ð ְ б̶ ä ϰ ֽϴ. ݵü, , ڵ, , ö    ϰ ⿡  Ǵ  帧 մϴ. ȯ   ɼ ߱ϸ, Բ   ġ մϴ. Ư о    忡   ȭ ٰ ٷ   ̷ ϴ  ϴ Դϴ. δ < ô밡 ´>, <AIݵü>, <ݺ>  ֽϴ.",,
,,ڼ,̺굥,ǥ,SooJung Park,LaivData,CEO,,˻  zum.com 񽺸 ϴ. ȸ翡 Ϳ  ̾𽺸 ϴ ÷ ϴ. ȸ翡 AIб ϴ.     ̺굥Ϳ AI Ʈ 񽺸  ֽϴ.,,
,,س,ѿ,ӱĿå,Haina Kang,British Embassy Seoul,/Senior Climate & Energy Policy Officer,https://www.linkedin.com/in/haina-kang-1b2288199,"Haina Kang is Senior Climate and Energy Policy Officer at British Embassy Seoul. Prior to joining the British Embassy Seoul, she also worked for World Wildlife Fund (WWF), Korea Adaptation Center for Climate Change, United Nations Economic and Social Commission for Asia and the Pacific (UNESCAP) and Korean Embassy in Dhaka, Bangladesh. She has over a decades experience in promoting climate action and accelerating the transition to a net-zero economy.",,
,,㿩,ƻ곪,,Lynn Xu,Asan Nanum Foundation,Team Lead,https://www.linkedin.com/in/blackjacklynn/,"2023 ŸƮڸ!   Ʈ ϸ,  Ҹ ũ о μƼ å  ߽ϴ.   ǳó Բ ũ    ʱ α׷ Ŀ  ڷ ϸ  â  ߽ϴ.   ۷ι ̲ پ ʱ ŸƮ ؿ   , ũ ŸƮ Day 1 ۷ι 븦  غ  ֵ ϰ մϴ. ƿ﷯  LP ڸ ϴ ŭ, ۷ι  ڷμ ũ  ִ ؿ VC  ȸ  ȯմϴ.",,
,,,,ǥ̻,Kwang Nam Ryu,NewTonne,CEO,www.linkedin.com/in/kwangnamryu,"() AI    ź ŷ ϰ ϴ ַ  ۷ι źҰ ȭϴ ũ ̴. AI  ڸ ÷   ͸ мϿ źҰ ȸ ãְ, ߵ󱹿 Ǵ źҰ Ʈ  ,     ذϿ, ŷڵ  źũ Ͽ  źҽ Ȱȭ ⿩ϰ ִ.  Ʈ, ۶󵥽, Űź  ź Ǽ      Ʈʻ Բ ϸ ۷ι  ôϰ ִ.",,
,,,,,,,,,,,
,,,,,,,,," ǥ '   ڴ' ų ī̽Ʈ Ǽȯа 濵  â̴. ī̽Ʈ п     𵨸 , 񿵸 NGO AI ÷  ̲   ĺȭ AI    ߴ.   2050ź߸ȸ ȯа ε Ȱϸ,    ⸦ ȸ ٲٰ Ӱ  ϱ  ϰ ִ.",,
,,,̷,,yuhyun cho,TheBetterFuture,reporter,,  ̵ ̷ .,,
,,,,,,,,," 츮 ȸ   ñ  ߱ϰ, ̿  ַǰ  ַ ϰ Ű / ˸  ϰ ִ.",,
,,,,,,,,," о   ,    ̽ ¤  ذῡ 弭 ŸƮ ߱, Ұؿ ִ",,
,,,â,,Lee hyejin,KISED,Director,,"°, å",,
,,,ȸ ڿ߼Һóȸ,°,AN JAETAE,National Assembly,Senior Policy Aide,,"ȸ °μ 20Ⱓ ȸ  б,ȯ    å ⿩ϰ, ī̽Ʈ б  ̷  ް ȸ  ǥ  й   Ӱ ÿ  .",,
,,缺,ȸ繫ó  ȸǿ,°,PARK CHAESUNG,-,-,, ȸǿ °,,
,,,,,,,,, ġܱа ӱ,,
,,,̷,,Kim Kyeongha,The Better Future,Chief of Editor,,"   ̵ ̷ , ȸ о߸ 10 Ѱ ؿԽϴ. Ϻ ̷ ڷ  پ ȸ 忡 ٷ,  Ʈ   Ŀ´̼ ȸ Ʈö â ȸ ġ   ߽ϴ. ٽ   ƿͼ ıȸ ø  ġESG   ؿ, ֱٿ åԾڡڿ Բ Ŀ м   ع Žϰ ֽϴ. ο     ū ȸ ġ  մϴ.",,
,,ְ,ѱ,,Gowoon CHOI,The Korea Development Bank,Head of Green Finance Team,,ѱ .,,
,,,,,,,,,츮   Ӱɼ  å  /ȯ ȹϰ ִ.,,
,,,,,,,,,"Ĵ Ȱ Blended Finance(ȥձ) ǰ  ػǳ,   Ը ڱ ʿ о߿  ΰ ߹  ϵ ϰ ִ.",,
,,,,,,,,,  ٹϸ鼭 ļ ȯå  忡 . ׸ǽ ùȰ ϸ    μ   ִ  ̰ ִ.,,
,,,ȸ繫ó,°,Jeong Heejeong,National Assembly,aide,,"ȸ бȸ Ҽ ȸǿ °̴. ,   ǿ ַ Բ ϸ ° б,   å ",,
,,,,,,,,,ϰ ִ.,,
,,,,,,,,, ȸ  AI ⺻ ʾ ÿ   ִ.,,
,,ȯ,ο촺,ǥ,Jeonghwan Lee,Slow News,CEO,,ο촺 ǥ.  ̵ & ǥ.    . 'ں õ' ' ذ θ'  . ī̽Ʈ  θ ߰ ο촺  ع ϴ 縦  ִ.,,
,,ȫؼ,AirMyne,Head of APAC & Engineering,Jun Seon Hong,AirMyne,Head of APAC & Engineering,https://www.linkedin.com/in/hongjunseon/,"Ŭ(ĶϾ) 縦  (DAC) ŸƮ AirMyne  3Ⱓ Ͼ ٹϸ,   CO   ټ ǰ ߰ Ʈ ֵϿ.",,
,,,,,,,,,,,
,,,,,,,,,ֱ ѱ  Ű ƽþơ(APAC)    ̲ ִ.,,
,,,,,,,,,,,
,,,,,,,,,UC Ŭ ȭа Ͽ.,,
,,,â,Żȭ,Yunjeong Kim,Korea Institute of Startup & Entrepreneurship Development,Director-General,,ɽ б񼭰   â â  â Żȭ(-ʱ-Ű  â߽ɴ  Ѱ) ,,
,,,âż,,LeeJaeHyung,Jeju Center for Creative & Economy Innovation,Innovation Strategy Team Leader,www.linkedin.com/in/stuart40, ׼ ()âż .,,
,,,,,,,,,,,
,,,,,,,,,"Daum 濵, IMC   KAKAO &̵    ϴ, ֵ ȭ DTŸƮ CSO Ȱ  âżͿ ϰ  ȹ,  â °  ̳뺣̼   ϰ ִ.",,
,,,,,,,,,,,
,,,,,,,,,"âż  ŸƮ Ͼ  ȯ KAKAO   ߰߱, ۷ι Ʈ  ũν ̳뺣̼,   α׷  Ѱ ε Ȱϰ ִ.",,
,,ȣ؀,ѱ׸,ǥ̻,John Lee,Greendata,CEO,https://www.linkedin.com/in/encoredtechjohn/,ȣ | ѱ׸ ǥ̻,,
,,,,,,,,,AI    м ÷ GreenOS  AI  Chatbot 'Greeny'     ǽð мϰ źҹⷮ ڵ ϴ ַ . LSTMNILM AI  ˰ Ǽ񽺿  ESG  ڵȭ  ȭ ÿ ϰ ִ. Ǹܹ븮 â   2020 ѱ׸͸ .,,
,,,,,,,,,,,
,,,,,,,,,"M.S. in Computer Science, Illinois Institute of Technology",,
,,,,,,,,,"Ph.D. in Computer Science, Northeastern University",,
,,р,()ġ,ǥ̻,Ilhan Ham,"H Energy Co., ltd",CEO,,", ֶɾ ϴ H ǥ Դϴ.   ÷Դϴ.  ں, , Һ, ŷ ÷  ̷ ,   й豸 ٲٴ  ̼ մϴ. ũ   񽺷 Ǿ ־. 츮 ε  ڻ꿡 ϰ,      ִ ÷ (޻) AI  Ʈ  ¾籤  24ð ͸   ô ֶɾ, ׸     Ӵ  ϴ ֶ󽦾 EaaS  ϴ ֶ󽦾ٷԴϴ.  20+ , 3õ6 ̻ ڵǰ  4,500 ¾籤Ұ SaaS ϸ '18 â ų 2̻  ̾ ֽϴ. غ  ƴϾ, ſ뵵  ߼, ߰߱   RE100 ⸦ EaaS ϰ ֽϴ.",,
,,,ڸƽŸƮ,̻,Josh Choi,Korea Startup Forum,Chief Operating Officer,https://www.linkedin.com/in/josh-choi73/,ִ ŸƮ ü ڸƽŸƮ ̻ Ѱ ð ִ.,,
,,,,,,,,,,,
,,,,,,,,,"Ŀ´̼   ׹ٿ θ  ſ (International Telecommunication Union) 10Ⱓ ۷ι   м,  ,  å    ϸ پ  ׾ƿԴ.",,
,,,,,,,,,,,
,,,,,,,,,"2018 ͱ Ŀ  3Ⱓ  UN ̴ϼƼ AI for Good Ʈ ϸ   AI  ȸ ŸƮ ߱     α׷ ȹ, ߴ.",,
,,,,,,,,,,,
,,,,,,,,,"2020 ڸƽŸƮ  . 2022ʹ  ִ ŸƮ  COMEUP 繫 ϸ ѹα ŸƮ ° ۷ι   ۷ι ° پ   Դ. 2025 2 ̻  ,  AI ȯ ް ȭ  å ȭ ߾ AI å     о߿  ŸƮ Ҹ 뺯ϰ ̵ ݼ  Ȱ Ȱϰ ִ.",,
,,ֿ,̿,̻,MIN JOO WON,ECO ES,Director,,ECO ES ڿ ȯ ź  ÿ ϴ ũ  Ű ֽϴ.,,
,,,,,,,,,,,
,,,,,,,,,ó Ѿ ȯ桤  Ȯϸ ΰġ    ϰ ֽϴ.,,
,,,,,,,,,,,
,,,,,,,,," 繫   ,  Ѿ ۷ι 忡 Ӱ   ġ âϴ ű մϴ.",,
,,΀,̷,ǥ̻ /,Myung Kwangmin,DI LAB,CEO,www.linkedin.com/in/kwang-min-myung-b859106b,AI ͸    ذϴ  ̷ ǥ.,,
,,,,,,,,,"ѹα 󿹺 1ȣ ȯ  м  SK÷ְ KT ȯ ÷  Ͽ,  ̷ âϿ ۷ι     Intelligence 񽺸 ϰ ִ.",,
,,,,,,,,,"ĿŻ(̻) (Ѹ) ޾,  2050 ESG , 'ؼ ' ִ.",,
,,, ֽȸ,ǥ / CEO,kim kyongwook,withwe inc.,CEO,,̺긮 Ʈ   ΰ  Ȱ öƽ  ý ߡϴ  ֽȸ ǥ.,,
,,,,,,,,,,,
,,,,,,,,,"10 ̻ ⹰   ٹϸ   ׾Ұ,    â Ͽ.",,
,,,,,,,,,,,
,,,,,,,,,"2022  Ͽ, â ʱ °  ɼ ޾ б ַκ ڸ ġϿ.",,
,,迩,Cleantech Group,"Managing Director, APAC",Summer Bae,Cleantech Group,"Managing Director, APAC",https://www.linkedin.com/in/summer-bae/,"迩 ̷ʹ Ŭũ ׷ ƽþ(APAC)  Ѱϸ, û  Ȯ ȭϱ   , Ʈʽ, °  ̲ ֽϴ.",,
,,,,,,,,,,,
,,,,,,,,,"Ŭũ ׷ շ  NEF 10 ̻ ٹϸ , ,  Ͽ Ӱ  û  ߽ϴ. Ư ѱ, Ϻ, (ASEAN) C 濵   ࿡ ַϸ  Ѿ °  ȯ ֵ߽ϴ.",,
,,,,,,,,,,,
,,,,,,,,,"  Datum Alloys  ȭп ƽþ, , ָ ƿ츣   ȹ  þ ۷ι  ô ߽ϴ. ̷   پ   ϴ ׳  ޹ħϰ ֽϴ.",,
,,,,,,,,,,,
,,,,,,,,,"Ӱɼ, ,  о߸ ƿ츣  , 迩 ̷ʹ ƽþ  ź߸ ȯ  ں ϰ  ϸ ַ Ȯ ϴ     ֽϴ.",,
,,,ɺ񼭽 ȯ濡 񼭰,񼭰,Lee Yujin,"Secretary to the President for Climate, the Environment and Energy",Secretary,,ɽ ȯ濡񼭰 Դϴ,,
,,ɳ,īīƮ,繫,Sienna Youk,KakaoImpact,Executive Director,,"īī ESG  λ, īīƮ 繫. Ʈ ȹϰ Ȯϴ Ʈ ȹ.          ִٰ ,     ȹϴ .  ȭϴ AI  ӿ īī   ؾ ϴ, ׸  Ʈ     Ӿ ϸ,    ̰ ش ãư  ִ.",,
,,ȣ,ѹα ȸ  ȸǿ,°,ChoKeeHo,-,-,, å ,,
,,,,ǥ̻,-,SeedN,CEO,," ԰ Բ ǹ , , ¿ȯ  ǹ    ذ ǥ   13 ̻ SeedN  Leaf 񽺸 ȮؿԴ.",,
,,,,,,,,,,,
,,,,,,,,,"پ ǹ    ڵȭϰ 񽺸 ȭϴ  AI, IoT, , ȯ  ȭϸ    Ʈ   弭 ִ. SeedN     ǹ  ȿȭ ַ о  ż  ŸƮ 򰡹޴´.",,
,,ֱ,ƮƮ,Ʈ ʶƮ  ,Keunhyung Choi,KakaoImpact,"Team Lead, Impact Philanthropy",https://www.linkedin.com/in/keunhyungchoi,"Ʈ °踦 ϴ ƮƮ   ڰ  ڼ õ  ֵ ϰ ֽϴ. ó ʶƮ    ,  ùλȸü Ӱ   CP1 Ʈ ϰ ֽϴ.",,
,,,Ž翬,ǥ,Namsuk Cho,UEL,CEO,, ηƽ  ()Ž翬Ҹ ̲ ִ.,,
,,,,,,,,,,,
,,,,,,,,,"κ ϰ Ž κ ߿ ַϰ ִ.  мȸ   , ISRU(ڿȰ), Ž κ   ټ   ǥߴ. ΰ ֵ  Ž ̼ ϸ  ۷ι   ¿ 弭 ִ. ټ å åڷ  Ͽ, װֽý۰ȸ  ټ ȸ ̻   Ȱ ̴.",,
,,ȫ,Ƿ,繫̻,PARK HONG IK,VPPlab,CFO,https://www.linkedin.com/in/park-hongik-80893628/,"ڿ Ⱓ    ڰþ ϴ.  ̵Ͽ ǻIB,ڻ翡  ι ݵŴ ȰϿ.  Ƿ CFO Ȱ̴.",,
,,ںԀ,ü,ǥ,ParkByungKyu,seeso,CEO,https://www.linkedin.com/in/byungkyu-park-97314942/,"AI ô Ŀ 󡯸 ϴ , ü(seeso) ǥ",,
,,,,,,,,,"üҴ     , ̷ 밡 ϰ ϴ  ü Ӱ ϴ Դϴ.",,
,,,,,,,,,,,
,,,,,,,,,  ϳ  ۵Ǿϴ.,,
,,,,,,,,,    ΰ?,,
,,,,,,,,,,,
,,,,,,,,,"10 , IT   ǰ   ֵ    ,   ŸƮ , ũͿ Բ  Ʈ Խϴ.   ֡ ä롯  Ѱ踦 ߰, ܼ Ī̳ Ź ƴ   ü ٲٴ  ߽ϴ.",,
,,,,,,,,,,,
,,,,,,,,,    ο  ̾ϴ.,,
,,,,,,,,," ȹΡ 踦 㹮 ̺ڵ  ƿҽ ÷,  AI Ʈ  δƮ   ֵ մϴ.",,
,,,,,,,,,"Ŀ ̷¼  Ŀ   缳ϴ AI Ŀ OS,  Ʈ    ڻ ȯմϴ.",,
,,,,,,,,,,,
,,,,,,,,,"״  Ҽ   ƴ϶, ΰ   ϴ  Ѵ١ ų Ʒ,",,
,,,,,,,,,"AI Բ ϰ, AI Բ ϴ Ŀ   ֽϴ.",,
,,,,,,,,,,,
,,,,,,,,,"üҴ  ̻ ϡ Źϰų Һϴ  ƴ,",,
,,,,,,,,,AI Բ ֵ âϴ  ̷ ϴ Դϴ.,,
,,,(),ǥ,Jungmin Lee,LIVIT Inc.,CEO,https://www.linkedin.com/in/jungmin-lee-59a3a6130/,AI ½ǰ ෮ ڻȭ ڱݸĪ ϴ ŸƮ '' ǥ,,
,,,,,,,,,,,
,,,,,,,,,UC Berkeley ȯ ϰ ڵ ο ͸ оߺ  SW  Ͽ 2022  âϿ.,,
,,,,,,,,," ߱ ûå ڹ,  ߼ұ Ⱥ  Ȱϰ ,  ½ǰ    ڻȭ μ ȭϱ  SaaS  'źַ'   ȭϰ ִ.",,
,,,,,,,,,,,
,,,,,,,,,"װ ũ, ÷ġó, , ϽƮó ڸ ġϿ.",,
,,Ͽ,,,MOON ILYO,The Butter,Team Lead,,"߾Ϻ ͼ  . 񿵸, ȸ, , ȸ о߸ ַ Ѵ.",,
,,,,,,,,,,,