Category,Empty_Col1,Field_Type,Column_Name,Attribute_Name,Domain,Data_Type,NULL_Allowed,Default_Value,Key_Type
구분,,,,,,,,,
열쾌적 부분,,엔티티 타입명,열쾌적성등급시군별생활인구통계,작성일,20xx xx xx,,,,
열쾌적 부분,,테이블명,TS_THRCF_GRD_LIVNG_PPLTN,작성자,홍길동,,,,
열쾌적 부분,,테이블 설명,"열쾌적평가(UTCI) 래스터 기반, 시군별 열쾌적성 등급내 생활인구 수",,,,,,
열쾌적 부분,,번호,컬럼명,속성명,도메인,데이터타입,NULL여부,기본값,KEY
열쾌적 부분,,1,SIGUN_CD,시군코드,코드C5,CHAR(5),Not Null,,PK
열쾌적 부분,,2,SIGUN_NM,시군명,명V40,VARCHAR(40),,,
열쾌적 부분,,3,THRCF_GRD1_LIVNG_PPLTN_CNT,열쾌적1등급생활인구수,"수N20,10","NUMERIC(20,10)",,,
열쾌적 부분,,4,THRCF_GRD2_LIVNG_PPLTN_CNT,열쾌적2등급생활인구수,"수N20,10","NUMERIC(20,10)",,,
열쾌적 부분,,5,THRCF_GRD3_LIVNG_PPLTN_CNT,열쾌적3등급생활인구수,"수N20,10","NUMERIC(20,10)",,,
열쾌적 부분,,6,THRCF_GRD4_LIVNG_PPLTN_CNT,열쾌적4등급생활인구수,"수N20,10","NUMERIC(20,10)",,,
열쾌적 부분,,7,THRCF_GRD5_LIVNG_PPLTN_CNT,열쾌적5등급생활인구수,"수N20,10","NUMERIC(20,10)",,,
열쾌적 부분,,8,THRCF_GRD6_LIVNG_PPLTN_CNT,열쾌적6등급생활인구수,"수N20,10","NUMERIC(20,10)",,,
열쾌적 부분,,9,THRCF_GRD7_LIVNG_PPLTN_CNT,열쾌적7등급생활인구수,"수N20,10","NUMERIC(20,10)",,,
열쾌적 부분,,10,THRCF_GRD8_LIVNG_PPLTN_CNT,열쾌적8등급생활인구수,"수N20,10","NUMERIC(20,10)",,,
열쾌적 부분,,11,THRCF_GRD9_LIVNG_PPLTN_CNT,열쾌적9등급생활인구수,"수N20,10","NUMERIC(20,10)",,,
열쾌적 부분,,12,THRCF_GRD10_LIVNG_PPLTN_CNT,열쾌적10등급생활인구수,"수N20,10","NUMERIC(20,10)",,,
열쾌적 부분,,13,WHOL_LIVNG_PPLTN_CNT,전체생활인구수,"수N20,10","NUMERIC(20,10)",,,
열쾌적 부분,,14,FRST_RGTR_ID,최초등록자아이디,아이디V320,VARCHAR(320),Not Null,,
열쾌적 부분,,15,FRST_REG_DT,최초등록일시,연월일시분초,TIMESTAMP,Not Null,,
열쾌적 부분,,16,MDFR_ID,수정자아이디,아이디V320,VARCHAR(320),Not Null,,
열쾌적 부분,,17,MDFCN_DT,수정일시,연월일시분초,TIMESTAMP,Not Null,,
열쾌적 부분,,엔티티 타입명,열쾌적등급읍면동생활인구통계,작성일,20xx xx xx,,,,
열쾌적 부분,,테이블명,TS_THRCF_GRD_EMD_LIVNG_PPLTN,작성자,홍길동,,,,
열쾌적 부분,,테이블 설명,"열쾌적평가(UTCI) 래스터 기반, 읍면동별 열쾌적성 등급내 생활인구 수",,,,,,
열쾌적 부분,,번호,컬럼명,속성명,도메인,데이터타입,NULL여부,기본값,KEY
열쾌적 부분,,1,SIGUN_CD,시군코드,코드C5,CHAR(5),Not Null,,PK
열쾌적 부분,,2,EMD_CD,읍면동코드,코드C10,CHAR(10),Not Null,,PK
열쾌적 부분,,3,SIGUN_NM,시군명,명V40,VARCHAR(40),Not Null,,
열쾌적 부분,,4,EMD_NM,읍면동명,명V40,VARCHAR(40),Not Null,,
열쾌적 부분,,5,THRCF_GRD1_LIVNG_PPLTN_CNT,열쾌적1등급생활인구수,"수N20,10","NUMERIC(20,10)",,,
열쾌적 부분,,6,THRCF_GRD2_LIVNG_PPLTN_CNT,열쾌적2등급생활인구수,"수N20,10","NUMERIC(20,10)",,,
열쾌적 부분,,7,THRCF_GRD3_LIVNG_PPLTN_CNT,열쾌적3등급생활인구수,"수N20,10","NUMERIC(20,10)",,,
열쾌적 부분,,8,THRCF_GRD4_LIVNG_PPLTN_CNT,열쾌적4등급생활인구수,"수N20,10","NUMERIC(20,10)",,,
열쾌적 부분,,9,THRCF_GRD5_LIVNG_PPLTN_CNT,열쾌적5등급생활인구수,"수N20,10","NUMERIC(20,10)",,,
열쾌적 부분,,10,THRCF_GRD6_LIVNG_PPLTN_CNT,열쾌적6등급생활인구수,"수N20,10","NUMERIC(20,10)",,,
열쾌적 부분,,11,THRCF_GRD7_LIVNG_PPLTN_CNT,열쾌적7등급생활인구수,"수N20,10","NUMERIC(20,10)",,,
열쾌적 부분,,12,THRCF_GRD8_LIVNG_PPLTN_CNT,열쾌적8등급생활인구수,"수N20,10","NUMERIC(20,10)",,,
열쾌적 부분,,13,THRCF_GRD9_LIVNG_PPLTN_CNT,열쾌적9등급생활인구수,"수N20,10","NUMERIC(20,10)",,,
열쾌적 부분,,14,THRCF_GRD10_LIVNG_PPLTN_CNT,열쾌적10등급생활인구수,"수N20,10","NUMERIC(20,10)",,,
열쾌적 부분,,15,WHOL_LIVNG_PPLTN_CNT,전체생활인구수,"수N20,10","NUMERIC(20,10)",,,
열쾌적 부분,,16,FRST_RGTR_ID,최초등록자아이디,아이디V320,VARCHAR(320),Not Null,,
열쾌적 부분,,17,FRST_REG_DT,최초등록일시,연월일시분초,TIMESTAMP,Not Null,,
열쾌적 부분,,18,MDFR_ID,수정자아이디,아이디V320,VARCHAR(320),Not Null,,
열쾌적 부분,,19,MDFCN_DT,수정일시,연월일시분초,TIMESTAMP,Not Null,,
열쾌적 부분,,엔티티 타입명,시군열쾌적등급면적통계,작성일,20xx xx xx,,,,
열쾌적 부분,,테이블명,TS_SIGUN_CRTR_THRCF_GRD_AREA,작성자,홍길동,,,,
열쾌적 부분,,테이블 설명,"열쾌적평가(UTCI) 래스터 기반, 시군별 열쾌적성 등급별 면적",,,,,,
열쾌적 부분,,번호,컬럼명,속성명,도메인,데이터타입,NULL여부,기본값,KEY
열쾌적 부분,,1,SIGUN_CD,시군코드,코드C5,CHAR(5),Not Null,,PK
열쾌적 부분,,2,EMD_CD,읍면동코드,코드C10,CHAR(10),Not Null,,PK
열쾌적 부분,,3,SIGUN_NM,시군명,명V40,VARCHAR(40),Not Null,,
열쾌적 부분,,4,EMD_NM,읍면동명,명V40,VARCHAR(40),,,
열쾌적 부분,,5,THRCF_GRD1_AREA,열쾌적1등급면적,"면적N19,9","NUMERIC(19,9)",,,
열쾌적 부분,,6,THRCF_GRD2_AREA,열쾌적2등급면적,"면적N19,9","NUMERIC(19,9)",,,
열쾌적 부분,,7,THRCF_GRD3_AREA,열쾌적3등급면적,"면적N19,9","NUMERIC(19,9)",,,
열쾌적 부분,,8,THRCF_GRD4_AREA,열쾌적4등급면적,"면적N19,9","NUMERIC(19,9)",,,
열쾌적 부분,,9,THRCF_GRD5_AREA,열쾌적5등급면적,"면적N19,9","NUMERIC(19,9)",,,
열쾌적 부분,,10,THRCF_GRD6_AREA,열쾌적6등급면적,"면적N19,9","NUMERIC(19,9)",,,
열쾌적 부분,,11,THRCF_GRD7_AREA,열쾌적7등급면적,"면적N19,9","NUMERIC(19,9)",,,
열쾌적 부분,,12,THRCF_GRD8_AREA,열쾌적8등급면적,"면적N19,9","NUMERIC(19,9)",,,
열쾌적 부분,,13,THRCF_GRD9_AREA,열쾌적9등급면적,"면적N19,9","NUMERIC(19,9)",,,
열쾌적 부분,,14,THRCF_GRD10_AREA,열쾌적10등급면적,"면적N19,9","NUMERIC(19,9)",,,
열쾌적 부분,,15,FRST_RGTR_ID,최초등록자아이디,아이디V320,VARCHAR(320),,,
열쾌적 부분,,16,FRST_REG_DT,최초등록일시,연월일시분초,TIMESTAMP,,,
열쾌적 부분,,17,MDFR_ID,수정자아이디,아이디V320,VARCHAR(320),,,
열쾌적 부분,,18,MDFCN_DT,수정일시,연월일시분초,TIMESTAMP,,,
기후취약인구,,엔티티 타입명,시군별기후취약인구,작성일,20xx xx xx,,,,
기후취약인구,,테이블명,TM_SIGUN_CLIM_WEAK_PPLTN,작성자,홍길동,,,,
기후취약인구,,테이블 설명,,,,,,,
기후취약인구,,번호,컬럼명,속성명,도메인,데이터타입,NULL여부,기본값,KEY
기후취약인구,,1,OBJECTID,objectid,일련번호S10,SERIAL4,Not Null,,PK
기후취약인구,,2,SHAPE,shape,공간정보,public.geometry,,,
기후취약인구,,3,CRTR_YMD,기준일자,연월일C8,CHAR(8),Not Null,,
기후취약인구,,4,SIGUN_CD,시군코드,코드C5,CHAR(5),Not Null,,
기후취약인구,,5,SIGUN_NM,시군명,명V40,VARCHAR(40),,,
기후취약인구,,6,SIGUN_PPLTN_CNT,시군인구수,수N10,NUMERIC(10),,,
기후취약인구,,7,AGE5UDR_PPLTN_CNT,유아인구수,수N10,NUMERIC(10),,,
기후취약인구,,8,SNCTZ_PPLTN_CNT,노인인구수,수N10,NUMERIC(10),,,
기후취약인구,,9,PWDBS_PPLTN_CNT,장애인인구수,수N10,NUMERIC(10),,,
기후취약인구,,10,HRIL_PPLTN_CNT,온열질환인구수,수N10,NUMERIC(10),,,
기후취약인구,,11,CHDS_PPLTN_CNT,만성질환인구수,수N10,NUMERIC(10),,,
기후취약인구,,12,MM_AVG_EARN_AMT,월평균소득금액,금액N18,NUMERIC(18),,,
기후취약인구,,13,ANINC20MW_ORLS_PPLTN_CNT,연소득2000만원이하인구수,수N10,NUMERIC(10),,,
기후취약인구,,14,AGE5UDR_PPLTN_RT,유아인구비율,"비율N12,9","NUMERIC(12,9)",,,
기후취약인구,,15,SNCTZ_PPLTN_RT,노인인구비율,"비율N12,9","NUMERIC(12,9)",,,
기후취약인구,,16,PWDBS_PPLTN_RT,장애인인구비율,"비율N12,9","NUMERIC(12,9)",,,
기후취약인구,,17,HRIL_PPLTN_RT,온열질환인구비율,"비율N12,9","NUMERIC(12,9)",,,
기후취약인구,,18,CHDS_PPLTN_RT,만성질환인구비율,"비율N12,9","NUMERIC(12,9)",,,
기후취약인구,,19,SIGUN_MM_AVG_EARN_AMT,시군월평균소득금액,"금액N22,2","NUMERIC(22,2)",,,
기후취약인구,,20,ANINC20MW_ORLS_PPLTN_RT,연소득2000만원이하인구비율,"비율N12,9","NUMERIC(12,9)",,,
기후취약인구,,21,AGE5UDR_PPLTN_IDX,유아인구지수,"수N20,10","NUMERIC(20,10)",,,
기후취약인구,,22,SNCTZ_PPLTN_IDX,노인인구지수,"수N20,10","NUMERIC(20,10)",,,
기후취약인구,,23,PWDBS_PPLTN_IDX,장애인인구지수,"수N20,10","NUMERIC(20,10)",,,
기후취약인구,,24,HRIL_PPLTN_IDX,온열질환인구지수,"수N20,10","NUMERIC(20,10)",,,
기후취약인구,,25,CHDS_PPLTN_IDX,만성질환인구지수,"수N20,10","NUMERIC(20,10)",,,
기후취약인구,,26,MM_AVG_EARN_IDX,월평균소득지수,"수N20,10","NUMERIC(20,10)",,,
기후취약인구,,27,ANINC20MW_ORLS_PPLTN_IDX,연소득2000만원이하인구지수,"수N20,10","NUMERIC(20,10)",,,
기후취약인구,,28,AGE5UDR_PPLTN_SCR,유아인구점수,"수N20,10","NUMERIC(20,10)",,,
기후취약인구,,29,SNCTZ_PPLTN_SCR,노인인구점수,"수N20,10","NUMERIC(20,10)",,,
기후취약인구,,30,PWDBS_PPLTN_SCR,장애인인구점수,"수N20,10","NUMERIC(20,10)",,,
기후취약인구,,31,HRIL_PPLTN_SCR,온열질환인구점수,"수N20,10","NUMERIC(20,10)",,,
기후취약인구,,32,CHDS_PPLTN_SCR,만성질환인구점수,"수N20,10","NUMERIC(20,10)",,,
기후취약인구,,33,MM_AVG_EARN_SCR,월평균소득점수,"수N20,10","NUMERIC(20,10)",,,
기후취약인구,,34,ANINC20MW_ORLS_PPLTN_SCR,연소득2000만원이하인구점수,"수N20,10","NUMERIC(20,10)",,,
기후취약인구,,35,VSP_VUL_SCR,취약계층취약성점수,"수N20,10","NUMERIC(20,10)",,,
기후취약인구,,36,HLTH_VUL_SCR,건강취약성점수,"수N20,10","NUMERIC(20,10)",,,
기후취약인구,,37,ECNY_VUL_SCR,경제취약성점수,"수N20,10","NUMERIC(20,10)",,,
기후취약인구,,38,CLIM_VUL_SNTHS_SCR,기후취약성종합점수,"수N20,10","NUMERIC(20,10)",,,
기후취약인구,,39,AGE5UDR_PPLTN_SCR_RNK,유아인구점수순위,수N10,NUMERIC(10),,,
기후취약인구,,40,SNCTZ_PPLTN_SCR_RNK,노인인구점수순위,수N10,NUMERIC(10),,,
기후취약인구,,41,PWDBS_PPLTN_SCR_RNK,장애인인구점수순위,수N10,NUMERIC(10),,,
기후취약인구,,42,HRIL_PPLTN_SCR_RNK,온열질환인구점수순위,수N10,NUMERIC(10),,,
기후취약인구,,43,CHDS_PPLTN_SCR_RNK,만성질환인구점수순위,수N10,NUMERIC(10),,,
기후취약인구,,44,MM_AVG_EARN_SCR_RNK,월평균소득점수순위,수N10,NUMERIC(10),,,
기후취약인구,,45,ANINC20MW_ORLS_PPLTN_SCR_RNK,연소득2000만원이하인구점수순위,수N10,NUMERIC(10),,,
기후취약인구,,46,VSP_VUL_SCR_RNK,취약계층취약성점수순위,수N10,NUMERIC(10),,,
기후취약인구,,47,HLTH_VUL_SCR_RNK,건강취약성점수순위,수N10,NUMERIC(10),,,
기후취약인구,,48,ECNY_VUL_SCR_RNK,경제취약성점수순위,수N10,NUMERIC(10),,,
기후취약인구,,49,CLIM_VUL_SNTHS_SCR_RNK,기후취약성종합점수순위,수N10,NUMERIC(10),,,
기후취약인구,,50,FRST_RGTR_ID,최초등록자아이디,아이디V320,VARCHAR(320),Not Null,,
기후취약인구,,51,FRST_REG_DT,최초등록일시,연월일시분초,TIMESTAMP,Not Null,,
기후취약인구,,52,MDFR_ID,수정자아이디,아이디V320,VARCHAR(320),Not Null,,
기후취약인구,,53,MDFCN_DT,수정일시,연월일시분초,TIMESTAMP,Not Null,,
기후취약인구,,엔티티 타입명,읍면동기후취약인구,작성일,20xx xx xx,,,,
기후취약인구,,테이블명,TM_EMD_CLIM_WEAK_PPLTN,작성자,홍길동,,,,
기후취약인구,,테이블 설명,,,,,,,
기후취약인구,,번호,컬럼명,속성명,도메인,데이터타입,NULL여부,기본값,KEY
기후취약인구,,1,OBJECTID,objectid,일련번호S10,SERIAL4,Not Null,,PK
기후취약인구,,2,SHAPE,shape,공간정보,public.geometry,,,
기후취약인구,,3,CRTR_YMD,기준일자,연월일C8,CHAR(8),Not Null,,
기후취약인구,,4,SIGUN_NM,시군명,명V40,VARCHAR(40),,,
기후취약인구,,5,SGG_NM,시군구명,명V40,VARCHAR(40),,,
기후취약인구,,6,EMD_CD,읍면동코드,코드C10,CHAR(10),Not Null,,
기후취약인구,,7,EMD_NM,읍면동명,명V40,VARCHAR(40),,,
기후취약인구,,8,EMD_PPLTN_CNT,읍면동인구수,수N10,NUMERIC(10),,,
기후취약인구,,9,AGE5UDR_PPLTN_CNT,유아인구수,수N10,NUMERIC(10),,,
기후취약인구,,10,SNCTZ_PPLTN_CNT,노인인구수,수N10,NUMERIC(10),,,
기후취약인구,,11,PWDBS_PPLTN_CNT,장애인인구수,수N10,NUMERIC(10),,,
기후취약인구,,12,HRIL_PPLTN_CNT,온열질환인구수,수N10,NUMERIC(10),,,
기후취약인구,,13,CHDS_PPLTN_CNT,만성질환인구수,수N10,NUMERIC(10),,,
기후취약인구,,14,MM_AVG_EARN_AMT,월평균소득금액,금액N18,NUMERIC(18),,,
기후취약인구,,15,ANINC20MW_ORLS_PPLTN_CNT,연소득2000만원이하인구수,수N10,NUMERIC(10),,,
기후취약인구,,16,AGE5UDR_PPLTN_RT,유아인구비율,"비율N12,9","NUMERIC(12,9)",,,
기후취약인구,,17,SNCTZ_PPLTN_RT,노인인구비율,"비율N12,9","NUMERIC(12,9)",,,
기후취약인구,,18,PWDBS_PPLTN_RT,장애인인구비율,"비율N12,9","NUMERIC(12,9)",,,
기후취약인구,,19,HRIL_PPLTN_RT,온열질환인구비율,"비율N12,9","NUMERIC(12,9)",,,
기후취약인구,,20,CHDS_PPLTN_RT,만성질환인구비율,"비율N12,9","NUMERIC(12,9)",,,
기후취약인구,,21,ANINC20MW_ORLS_PPLTN_RT,연소득2000만원이하인구비율,"비율N12,9","NUMERIC(12,9)",,,
기후취약인구,,22,AGE5UDR_PPLTN_IDX,유아인구지수,"수N20,10","NUMERIC(20,10)",,,
기후취약인구,,23,SNCTZ_PPLTN_IDX,노인인구지수,"수N20,10","NUMERIC(20,10)",,,
기후취약인구,,24,PWDBS_PPLTN_IDX,장애인인구지수,"수N20,10","NUMERIC(20,10)",,,
기후취약인구,,25,HRIL_PPLTN_IDX,온열질환인구지수,"수N20,10","NUMERIC(20,10)",,,
기후취약인구,,26,CHDS_PPLTN_IDX,만성질환인구지수,"수N20,10","NUMERIC(20,10)",,,
기후취약인구,,27,MM_AVG_EARN_IDX,월평균소득지수,"수N20,10","NUMERIC(20,10)",,,
기후취약인구,,28,ANINC20MW_ORLS_PPLTN_IDX,연소득2000만원이하인구지수,"수N20,10","NUMERIC(20,10)",,,
기후취약인구,,29,AGE5UDR_PPLTN_SCR,유아인구점수,"수N20,10","NUMERIC(20,10)",,,
기후취약인구,,30,SNCTZ_PPLTN_SCR,노인인구점수,"수N20,10","NUMERIC(20,10)",,,
기후취약인구,,31,PWDBS_PPLTN_SCR,장애인인구점수,"수N20,10","NUMERIC(20,10)",,,
기후취약인구,,32,HRIL_PPLTN_SCR,온열질환인구점수,"수N20,10","NUMERIC(20,10)",,,
기후취약인구,,33,CHDS_PPLTN_SCR,만성질환인구점수,"수N20,10","NUMERIC(20,10)",,,
기후취약인구,,34,MM_AVG_EARN_SCR,월평균소득점수,"수N20,10","NUMERIC(20,10)",,,
기후취약인구,,35,ANINC20MW_ORLS_PPLTN_SCR,연소득2000만원이하인구점수,"수N20,10","NUMERIC(20,10)",,,
기후취약인구,,36,VSP_VUL_SCR,취약계층취약성점수,"수N20,10","NUMERIC(20,10)",,,
기후취약인구,,37,HLTH_VUL_SCR,건강취약성점수,"수N20,10","NUMERIC(20,10)",,,
기후취약인구,,38,ECNY_VUL_SCR,경제취약성점수,"수N20,10","NUMERIC(20,10)",,,
기후취약인구,,39,CLIM_VUL_SNTHS_SCR,기후취약성종합점수,"수N20,10","NUMERIC(20,10)",,,
기후취약인구,,40,AGE5UDR_PPLTN_SCR_RNK,유아인구점수순위,수N10,NUMERIC(10),,,
기후취약인구,,41,SNCTZ_PPLTN_SCR_RNK,노인인구점수순위,수N10,NUMERIC(10),,,
기후취약인구,,42,PWDBS_PPLTN_SCR_RNK,장애인인구점수순위,수N10,NUMERIC(10),,,
기후취약인구,,43,HRIL_PPLTN_SCR_RNK,온열질환인구점수순위,수N10,NUMERIC(10),,,
기후취약인구,,44,CHDS_PPLTN_SCR_RNK,만성질환인구점수순위,수N10,NUMERIC(10),,,
기후취약인구,,45,MM_AVG_EARN_SCR_RNK,월평균소득점수순위,수N10,NUMERIC(10),,,
기후취약인구,,46,ANINC20MW_ORLS_PPLTN_SCR_RNK,연소득2000만원이하인구점수순위,수N10,NUMERIC(10),,,
기후취약인구,,47,VSP_VUL_SCR_RNK,취약계층취약성점수순위,수N10,NUMERIC(10),,,
기후취약인구,,48,HLTH_VUL_SCR_RNK,건강취약성점수순위,수N10,NUMERIC(10),,,
기후취약인구,,49,ECNY_VUL_SCR_RNK,경제취약성점수순위,수N10,NUMERIC(10),,,
기후취약인구,,50,CLIM_VUL_SNTHS_SCR_RNK,기후취약성종합점수순위,수N10,NUMERIC(10),,,
기후취약인구,,51,FRST_RGTR_ID,최초등록자아이디,아이디V320,VARCHAR(320),Not Null,,
기후취약인구,,52,FRST_REG_DT,최초등록일시,연월일시분초,TIMESTAMP,Not Null,,
기후취약인구,,53,MDFR_ID,수정자아이디,아이디V320,VARCHAR(320),Not Null,,
기후취약인구,,54,MDFCN_DT,수정일시,연월일시분초,TIMESTAMP,Not Null,,
산사태위험등급,,엔티티 타입명,산사태위험등급면적통계,작성일,20xx xx xx,,,,
산사태위험등급,,테이블명,TS_LDSLD_DNGR_GRD_AREA_STATS,작성자,홍길동,,,,
산사태위험등급,,테이블 설명,"산사태위험등급 래스터를 기반, 시군별 위험등급별 면적, 면적 비율",,,,,,
산사태위험등급,,번호,컬럼명,속성명,도메인,데이터타입,NULL여부,기본값,KEY
산사태위험등급,,1,CRTR_YR,기준연도,연도C4,CHAR(4),Not Null,,PK
산사태위험등급,,2,ADMDST_SE_CD,행정구역구분코드,코드V10,VARCHAR(10),Not Null,,PK
산사태위험등급,,3,ADMDST_CD,행정구역코드,코드V10,VARCHAR(10),Not Null,,PK
산사태위험등급,,4,ADMDST_NM,행정구역명,명V40,VARCHAR(40),,,
산사태위험등급,,5,LDSLD_DNGR_GRD1_AREA,산사태위험1등급면적,"면적N19,9","NUMERIC(19,9)",,,
산사태위험등급,,6,LDSLD_DNGR_GRD2_AREA,산사태위험2등급면적,"면적N19,9","NUMERIC(19,9)",,,
산사태위험등급,,7,LDSLD_DNGR_GRD3_AREA,산사태위험3등급면적,"면적N19,9","NUMERIC(19,9)",,,
산사태위험등급,,8,LDSLD_DNGR_GRD4_AREA,산사태위험4등급면적,"면적N19,9","NUMERIC(19,9)",,,
산사태위험등급,,9,LDSLD_DNGR_GRD5_AREA,산사태위험5등급면적,"면적N19,9","NUMERIC(19,9)",,,
산사태위험등급,,10,LDSLD_DNGR_GRD1_AREA_RT,산사태위험1등급면적비율,"율N5,2","NUMERIC(5,2)",,,
산사태위험등급,,11,LDSLD_DNGR_GRD2_AREA_RT,산사태위험2등급면적비율,"율N5,2","NUMERIC(5,2)",Not Null,,
산사태위험등급,,12,LDSLD_DNGR_GRD3_AREA_RT,산사태위험3등급면적비율,"율N5,2","NUMERIC(5,2)",Not Null,,
산사태위험등급,,13,LDSLD_DNGR_GRD4_AREA_RT,산사태위험4등급면적비율,"율N5,2","NUMERIC(5,2)",,,
산사태위험등급,,14,LDSLD_DNGR_GRD5_AREA_RT,산사태위험5등급면적비율,"율N5,2","NUMERIC(5,2)",,,
산사태위험등급,,15,FRST_RGTR_ID,최초등록자아이디,아이디V320,VARCHAR(320),Not Null,,
산사태위험등급,,16,FRST_REG_DT,최초등록일시,연월일시분초,TIMESTAMP,Not Null,,
산사태위험등급,,17,MDFR_ID,수정자아이디,아이디V320,VARCHAR(320),Not Null,,
산사태위험등급,,18,MDFCN_DT,수정일시,연월일시분초,TIMESTAMP,Not Null,,
홍수위험도,,엔티티 타입명,시군구별홍수위험평가,작성일,20xx xx xx,,,,
홍수위험도,,테이블명,TM_SGG_FLOD_DNGR_EVL,작성자,홍길동,,,,
홍수위험도,,테이블 설명,"2016 ~ 2023 홍수위험상세 지수 격자 기반으로 시군별 인구, 건물 정보를 융합한 자료",,,,,,
홍수위험도,,번호,컬럼명,속성명,도메인,데이터타입,NULL여부,기본값,KEY
홍수위험도,,1,OBJECTID,objectid,일련번호S10,SERIAL4,Not Null,,PK
홍수위험도,,2,SHAPE,shape,공간정보,public.geometry,,,
홍수위험도,,3,SGG_CD,시군구코드,코드C5,CHAR(5),,,
홍수위험도,,4,SGG_NM,시군구명,명V40,VARCHAR(40),,,
홍수위험도,,5,CRTR_YR,기준연도,연도C4,CHAR(4),,,
홍수위험도,,6,DGNPPN_IDX,확율강우량지수,"수N20,10","NUMERIC(20,10)",,,
홍수위험도,,7,PMPP_IDX,최대강우량지수,"수N20,10","NUMERIC(20,10)",,,
홍수위험도,,8,FLOD_DNGR_BDST_IDX,홍수위험건축물지수,"수N20,10","NUMERIC(20,10)",,,
홍수위험도,,9,FLOD_DNGR_PPLTN_IDX,홍수위험인구지수,"수N20,10","NUMERIC(20,10)",,,
홍수위험도,,10,FLOD_DNGR_OALP_IDX,홍수위험공시지가지수,"수N20,10","NUMERIC(20,10)",,,
홍수위험도,,11,FLOD_DNGR_FMLD_IDX,홍수위험농경지지수,"수N20,10","NUMERIC(20,10)",,,
홍수위험도,,12,FLOD_DNGR_OLDBULD_IDX,홍수위험노후건축물지수,"수N20,10","NUMERIC(20,10)",,,
홍수위험도,,13,FLOD_DNGR_DPPTN_IDX,홍수위험의존인구지수,"수N20,10","NUMERIC(20,10)",,,
홍수위험도,,14,FLOD_DNGR_CLTV_AREA_IDX,홍수위험재배면적지수,"수N20,10","NUMERIC(20,10)",,,
홍수위험도,,15,DSTPVT_FCLT_DNSY_IDX,방재시설밀도지수,"수N20,10","NUMERIC(20,10)",,,
홍수위험도,,16,ACML_DSTPVT_BGT_IDX,누적방재예산지수,"수N20,10","NUMERIC(20,10)",,,
홍수위험도,,17,FLOD_DNGR_IDX,홍수위험지수,"수N20,10","NUMERIC(20,10)",,,
홍수위험도,,18,FRST_RGTR_ID,최초등록자아이디,아이디V320,VARCHAR(320),Not Null,,
홍수위험도,,19,FRST_REG_DT,최초등록일시,연월일시분초,TIMESTAMP,Not Null,,
홍수위험도,,20,MDFR_ID,수정자아이디,아이디V320,VARCHAR(320),Not Null,,
홍수위험도,,21,MDFCN_DT,수정일시,연월일시분초,TIMESTAMP,Not Null,,
홍수위험도,,엔티티 타입명,법정동별홍수위험지수,작성일,20xx xx xx,,,,
홍수위험도,,테이블명,TM_STDG_FLOD_DNGR_IDX,작성자,홍길동,,,,
홍수위험도,,테이블 설명,"2016 ~ 2023 홍수위험상세 지수 격자 기반으로 법정읍면동별 인구, 건물 정보를 융합한 자료",,,,,,
홍수위험도,,번호,컬럼명,속성명,도메인,데이터타입,NULL여부,기본값,KEY
홍수위험도,,1,OBJECTID,objectid,일련번호S10,SERIAL4,Not Null,,PK
홍수위험도,,2,SHAPE,shape,공간정보,public.geometry,,,
홍수위험도,,3,CRTR_YR,기준연도,연도C4,CHAR(4),,,
홍수위험도,,4,STDG_CD,법정동코드,코드C10,CHAR(10),,,
홍수위험도,,5,STDG_NM,법정동명,명V40,VARCHAR(40),,,
홍수위험도,,6,SGG_CD,시군구코드,코드C5,CHAR(5),,,
홍수위험도,,7,SGG_NM,시군구명,명V40,VARCHAR(40),,,
홍수위험도,,8,SIGUN_CD,시군코드,코드C5,CHAR(5),,,
홍수위험도,,9,SIGUN_NM,시군명,명V40,VARCHAR(40),,,
홍수위험도,,10,FLOD_DNGR_IDX,홍수위험지수,"수N20,10","NUMERIC(20,10)",,,
홍수위험도,,11,FRST_RGTR_ID,최초등록자아이디,아이디V320,VARCHAR(320),Not Null,,
홍수위험도,,12,FRST_REG_DT,최초등록일시,연월일시분초,TIMESTAMP,Not Null,,
홍수위험도,,13,MDFR_ID,수정자아이디,아이디V320,VARCHAR(320),Not Null,,
홍수위험도,,14,MDFCN_DT,수정일시,연월일시분초,TIMESTAMP,Not Null,,
홍수위험도,,엔티티 타입명,시군별홍수위험평가순위,작성일,20xx xx xx,,,,
홍수위험도,,테이블명,TM_SIGUN_FLOD_DNGR_EVL_RNK,작성자,홍길동,,,,
홍수위험도,,테이블 설명,2016 ~ 2023년 시군별 홍수위험도 순위,,,,,,
홍수위험도,,번호,컬럼명,속성명,도메인,데이터타입,NULL여부,기본값,KEY
홍수위험도,,1,OBJECTID,objectid,일련번호S10,SERIAL4,Not Null,,PK
홍수위험도,,2,SHAPE,shape,공간정보,public.geometry,,,
홍수위험도,,3,SIGUN_NM,시군명,명V40,VARCHAR(40),,,
홍수위험도,,4,SIGUN_CD,시군코드,코드C5,CHAR(5),Not Null,,
홍수위험도,,5,CRTR_YR,기준연도,연도C4,CHAR(4),Not Null,,
홍수위험도,,6,FLOD_DNGR_IDX,홍수위험지수,"수N20,10","NUMERIC(20,10)",,,
홍수위험도,,7,FLOD_DNG_RNK,홍수위험순위,수N3,NUMERIC(3),,,
홍수위험도,,8,FRST_RGTR_ID,최초등록자아이디,아이디V320,VARCHAR(320),Not Null,,
홍수위험도,,9,FRST_REG_DT,최초등록일시,연월일시분초,TIMESTAMP,Not Null,,
홍수위험도,,10,MDFR_ID,수정자아이디,아이디V320,VARCHAR(320),Not Null,,
홍수위험도,,11,MDFCN_DT,수정일시,연월일시분초,TIMESTAMP,Not Null,,
생태계서비스,,엔티티 타입명,시군별생태계서비스,작성일,20xx xx xx,,,,
생태계서비스,,테이블명,TM_SIGUN_ECOSYS_SRVC,작성자,홍길동,,,,
생태계서비스,,테이블 설명,경기연구원 생태계서비스(14종) 래스터 파일일 기반으로 시군 공간별로 융합한 자료,,,,,,
생태계서비스,,번호,컬럼명,속성명,도메인,데이터타입,NULL여부,기본값,KEY
생태계서비스,,1,OBJECTID,objectid,일련번호S10,SERIAL4,Not Null,,PK
생태계서비스,,2,SHAPE,shape,공간정보,public.geometry,,,
생태계서비스,,3,SIGUN_CD,시군코드,코드C5,CHAR(5),Not Null,,
생태계서비스,,4,SIGUN_NM,시군명,명V40,VARCHAR(40),Not Null,,
생태계서비스,,5,CRTR_YMD,기준일자,연월일C8,CHAR(8),Not Null,,
생태계서비스,,6,WTR_SPLY_NVL,물공급수치,"수N20,10","NUMERIC(20,10)",,,
생태계서비스,,7,WTR_SPLY_SCR,물공급점수,"수N20,10","NUMERIC(20,10)",,,
생태계서비스,,8,WTR_SPLY_CRNC_WRTH_AMT,물공급화폐가치금액,"금액N22,2","NUMERIC(22,2)",,,
생태계서비스,,9,WTQY_N_AJST_NVL,수질질소조절수치,"수N20,10","NUMERIC(20,10)",,,
생태계서비스,,10,WTQY_N_AJST_SCR,수질질소조절점수,"수N20,10","NUMERIC(20,10)",,,
생태계서비스,,11,WTQY_N_AJST_CRNC_WRTH_AMT,수질질소조절화폐가치금액,"금액N22,2","NUMERIC(22,2)",,,
생태계서비스,,12,WTQY_P_AJST_NVL,수질인조절수치,"수N20,10","NUMERIC(20,10)",,,
생태계서비스,,13,WTQY_P_AJST_SCR,수질인조절점수,"수N20,10","NUMERIC(20,10)",,,
생태계서비스,,14,WTQY_P_AJST_CRNC_WRTH_AMT,수질인조절화폐가치금액,"금액N22,2","NUMERIC(22,2)",,,
생태계서비스,,15,SOIL_ERSN_AJST_NVL,토양침식조절수치,"수N20,10","NUMERIC(20,10)",,,
생태계서비스,,16,SOIL_ERSN_AJST_SCR,토양침식조절점수,"수N20,10","NUMERIC(20,10)",,,
생태계서비스,,17,SOIL_ERSN_AJST_CRNC_WRTH_AMT,토양침식조절화폐가치금액,"금액N22,2","NUMERIC(22,2)",,,
생태계서비스,,18,CBN_STRG_AJST_NVL,탄소저장조절수치,"수N20,10","NUMERIC(20,10)",,,
생태계서비스,,19,CBN_STRG_AJST_SCR,탄소저장조절점수,"수N20,10","NUMERIC(20,10)",,,
생태계서비스,,20,CBN_STRG_AJST_CRNC_WRTH_AMT,탄소저장조절화폐가치금액,"금액N22,2","NUMERIC(22,2)",,,
생태계서비스,,21,CBN_ABPN_AJST_NVL,탄소흡수조절수치,"수N20,10","NUMERIC(20,10)",,,
생태계서비스,,22,CBN_ABPN_AJST_SCR,탄소흡수조절점수,"수N20,10","NUMERIC(20,10)",,,
생태계서비스,,23,CBN_ABPN_AJST_CRNC_WRTH_AMT,탄소흡수조절화폐가치금액,"금액N22,2","NUMERIC(22,2)",,,
생태계서비스,,24,AIR_AJST_NVL,공기조절수치,"수N20,10","NUMERIC(20,10)",,,
생태계서비스,,25,AIR_AJST_SCR,공기조절점수,"수N20,10","NUMERIC(20,10)",,,
생태계서비스,,26,AIR_AJST_CRNC_WRTH_AMT,공기조절화폐가치금액,"금액N22,2","NUMERIC(22,2)",,,
생태계서비스,,27,CTY_UHTLN_AJST_NVL,도시열섬현상조절수치,"수N20,10","NUMERIC(20,10)",,,
생태계서비스,,28,CTY_UHTLN_AJST_SCR,도시열섬현상조절점수,"수N20,10","NUMERIC(20,10)",,,
생태계서비스,,29,CTY_UHTLN_AJST_CRNC_WRTH_AMT,도시열섬현상조절화폐가치금액,"금액N22,2","NUMERIC(22,2)",,,
생태계서비스,,30,BIRD_DVSTY_NVL,조류다양성수치,"수N20,10","NUMERIC(20,10)",,,
생태계서비스,,31,BIRD_DVSTY_SCR,조류다양성점수,"수N20,10","NUMERIC(20,10)",,,
생태계서비스,,32,HBTT_QLTY_NVL,서식처품질수치,"수N20,10","NUMERIC(20,10)",,,
생태계서비스,,33,HBTT_QLTY_SCR,서식처품질점수,"수N20,10","NUMERIC(20,10)",,,
생태계서비스,,34,SCVL_NVL,경관가치수치,"수N20,10","NUMERIC(20,10)",,,
생태계서비스,,35,SCVL_SCR,경관가치점수,"수N20,10","NUMERIC(20,10)",,,
생태계서비스,,36,SCVL_CRNC_WRTH_AMT,경관가치화폐가치금액,"금액N22,2","NUMERIC(22,2)",,,
생태계서비스,,37,ECOTRM_NVL,생태관광수치,"수N20,10","NUMERIC(20,10)",,,
생태계서비스,,38,ECOTRM_SCR,생태관광점수,"수N20,10","NUMERIC(20,10)",,,
생태계서비스,,39,ECOTRM_CRNC_WRTH_AMT,생태관광화폐가치금액,"금액N22,2","NUMERIC(22,2)",,,
생태계서비스,,40,SPLY_SRVC_SCR,공급서비스점수,"수N20,10","NUMERIC(20,10)",,,
생태계서비스,,41,AJST_SRVC_SCR,조절서비스점수,"수N20,10","NUMERIC(20,10)",,,
생태계서비스,,42,SPRT_SRVC_SCR,지원서비스점수,"수N20,10","NUMERIC(20,10)",,,
생태계서비스,,43,CULT_SRVC_SCR,문화서비스점수,"수N20,10","NUMERIC(20,10)",,,
생태계서비스,,44,ECOSYS_SRVC_SNTHS_SCR,생태계서비스종합점수,"수N20,10","NUMERIC(20,10)",,,
생태계서비스,,45,PPLTN_CNT,인구수,수N10,NUMERIC(10),,,
생태계서비스,,46,AREA,면적,"면적N19,9","NUMERIC(19,9)",,,
생태계서비스,,47,FRST_RGTR_ID,최초등록자아이디,아이디V320,VARCHAR(320),Not Null,,
생태계서비스,,48,FRST_REG_DT,최초등록일시,연월일시분초,TIMESTAMP,Not Null,,
생태계서비스,,49,MDFR_ID,수정자아이디,아이디V320,VARCHAR(320),Not Null,,
생태계서비스,,50,MDFCN_DT,수정일시,연월일시분초,TIMESTAMP,Not Null,,
생태계서비스,,엔티티 타입명,읍면동별생태계서비스,작성일,20xx xx xx,,,,
생태계서비스,,테이블명,TM_EMD_ECOSYS_SRVC,작성자,홍길동,,,,
생태계서비스,,테이블 설명,경기연구원 생태계서비스(14종) 래스터 파일일 기반으로 읍면동 공간별로 융합한 자료,,,,,,
생태계서비스,,번호,컬럼명,속성명,도메인,데이터타입,NULL여부,기본값,KEY
생태계서비스,,1,OBJECTID,objectid,일련번호S10,SERIAL4,Not Null,,PK
생태계서비스,,2,SHAPE,shape,공간정보,public.geometry,,,
생태계서비스,,3,EMD_CD,읍면동코드,코드C10,CHAR(10),Not Null,,
생태계서비스,,4,EMD_NM,읍면동명,명V40,VARCHAR(40),Not Null,,
생태계서비스,,5,CRTR_YMD,기준일자,연월일C8,CHAR(8),Not Null,,
생태계서비스,,6,WTR_SPLY_NVL,물공급수치,"수N20,10","NUMERIC(20,10)",,,
생태계서비스,,7,WTR_SPLY_SCR,물공급점수,"수N20,10","NUMERIC(20,10)",,,
생태계서비스,,8,WTR_SPLY_CRNC_WRTH_AMT,물공급화폐가치금액,"금액N22,2","NUMERIC(22,2)",,,
생태계서비스,,9,WTQY_N_AJST_NVL,수질질소조절수치,"수N20,10","NUMERIC(20,10)",,,
생태계서비스,,10,WTQY_N_AJST_SCR,수질질소조절점수,"수N20,10","NUMERIC(20,10)",,,
생태계서비스,,11,WTQY_N_AJST_CRNC_WRTH_AMT,수질질소조절화폐가치금액,"금액N22,2","NUMERIC(22,2)",,,
생태계서비스,,12,WTQY_P_AJST_NVL,수질인조절수치,"수N20,10","NUMERIC(20,10)",,,
생태계서비스,,13,WTQY_P_AJST_SCR,수질인조절점수,"수N20,10","NUMERIC(20,10)",,,
생태계서비스,,14,WTQY_P_AJST_CRNC_WRTH_AMT,수질인조절화폐가치금액,"금액N22,2","NUMERIC(22,2)",,,
생태계서비스,,15,SOIL_ERSN_AJST_NVL,토양침식조절수치,"수N20,10","NUMERIC(20,10)",,,
생태계서비스,,16,SOIL_ERSN_AJST_SCR,토양침식조절점수,"수N20,10","NUMERIC(20,10)",,,
생태계서비스,,17,SOIL_ERSN_AJST_CRNC_WRTH_AMT,토양침식조절화폐가치금액,"금액N22,2","NUMERIC(22,2)",,,
생태계서비스,,18,CBN_STRG_AJST_NVL,탄소저장조절수치,"수N20,10","NUMERIC(20,10)",,,
생태계서비스,,19,CBN_STRG_AJST_SCR,탄소저장조절점수,"수N20,10","NUMERIC(20,10)",,,
생태계서비스,,20,CBN_STRG_AJST_CRNC_WRTH_AMT,탄소저장조절화폐가치금액,"금액N22,2","NUMERIC(22,2)",,,
생태계서비스,,21,CBN_ABPN_AJST_NVL,탄소흡수조절수치,"수N20,10","NUMERIC(20,10)",,,
생태계서비스,,22,CBN_ABPN_AJST_SCR,탄소흡수조절점수,"수N20,10","NUMERIC(20,10)",,,
생태계서비스,,23,CBN_ABPN_AJST_CRNC_WRTH_AMT,탄소흡수조절화폐가치금액,"금액N22,2","NUMERIC(22,2)",,,
생태계서비스,,24,AIR_AJST_NVL,공기조절수치,"수N20,10","NUMERIC(20,10)",,,
생태계서비스,,25,AIR_AJST_SCR,공기조절점수,"수N20,10","NUMERIC(20,10)",,,
생태계서비스,,26,AIR_AJST_CRNC_WRTH_AMT,공기조절화폐가치금액,"금액N22,2","NUMERIC(22,2)",,,
생태계서비스,,27,CTY_UHTLN_AJST_NVL,도시열섬현상조절수치,"수N20,10","NUMERIC(20,10)",,,
생태계서비스,,28,CTY_UHTLN_AJST_SCR,도시열섬현상조절점수,"수N20,10","NUMERIC(20,10)",,,
생태계서비스,,29,CTY_UHTLN_AJST_CRNC_WRTH_AMT,도시열섬현상조절화폐가치금액,"금액N22,2","NUMERIC(22,2)",,,
생태계서비스,,30,BIRD_DVSTY_NVL,조류다양성수치,"수N20,10","NUMERIC(20,10)",,,
생태계서비스,,31,BIRD_DVSTY_SCR,조류다양성점수,"수N20,10","NUMERIC(20,10)",,,
생태계서비스,,32,HBTT_QLTY_NVL,서식처품질수치,"수N20,10","NUMERIC(20,10)",,,
생태계서비스,,33,HBTT_QLTY_SCR,서식처품질점수,"수N20,10","NUMERIC(20,10)",,,
생태계서비스,,34,SCVL_NVL,경관가치수치,"수N20,10","NUMERIC(20,10)",,,
생태계서비스,,35,SCVL_SCR,경관가치점수,"수N20,10","NUMERIC(20,10)",,,
생태계서비스,,36,SCVL_CRNC_WRTH_AMT,경관가치화폐가치금액,"금액N22,2","NUMERIC(22,2)",,,
생태계서비스,,37,ECOTRM_NVL,생태관광수치,"수N20,10","NUMERIC(20,10)",,,
생태계서비스,,38,ECOTRM_SCR,생태관광점수,"수N20,10","NUMERIC(20,10)",,,
생태계서비스,,39,ECOTRM_CRNC_WRTH_AMT,생태관광화폐가치금액,"금액N22,2","NUMERIC(22,2)",,,
생태계서비스,,40,SPLY_SRVC_SCR,공급서비스점수,"수N20,10","NUMERIC(20,10)",,,
생태계서비스,,41,AJST_SRVC_SCR,조절서비스점수,"수N20,10","NUMERIC(20,10)",,,
생태계서비스,,42,SPRT_SRVC_SCR,지원서비스점수,"수N20,10","NUMERIC(20,10)",,,
생태계서비스,,43,CULT_SRVC_SCR,문화서비스점수,"수N20,10","NUMERIC(20,10)",,,
생태계서비스,,44,ECOSYS_SRVC_SNTHS_SCR,생태계서비스종합점수,"수N20,10","NUMERIC(20,10)",,,
생태계서비스,,45,PPLTN_CNT,인구수,수N10,NUMERIC(10),,,
생태계서비스,,46,AREA,면적,"면적N19,9","NUMERIC(19,9)",,,
생태계서비스,,47,FRST_RGTR_ID,최초등록자아이디,아이디V320,VARCHAR(320),Not Null,,
생태계서비스,,48,FRST_REG_DT,최초등록일시,연월일시분초,TIMESTAMP,Not Null,,
생태계서비스,,49,MDFR_ID,수정자아이디,아이디V320,VARCHAR(320),Not Null,,
생태계서비스,,50,MDFCN_DT,수정일시,연월일시분초,TIMESTAMP,Not Null,,
공원점수,,엔티티 타입명,읍면동별공원점수,작성일,20xx xx xx,,,,
공원점수,,테이블명,TM_EMD_PARK_SCR,작성자,홍길동,,,,
공원점수,,테이블 설명,,,,,,,
공원점수,,번호,컬럼명,속성명,도메인,데이터타입,NULL여부,기본값,KEY
공원점수,,1,OBJECTID,objectid,일련번호S10,SERIAL4,Not Null,,PK
공원점수,,2,SHAPE,shape,공간정보,public.geometry,Not Null,,
공원점수,,3,CRTR_YMD,기준일자,연월일C8,CHAR(8),Not Null,,
공원점수,,4,SIGUN_NM,시군명,명V40,VARCHAR(40),,,
공원점수,,5,SGG_NM,시군구명,명V40,VARCHAR(40),,,
공원점수,,6,EMD_CD,읍면동코드,코드C10,CHAR(10),,,
공원점수,,7,EMD_NM,읍면동명,명V40,VARCHAR(40),,,
공원점수,,8,PPLTN1_PARK_GRBT_AREA,인구1명공원녹지면적,"면적N19,9","NUMERIC(19,9)",,,
공원점수,,9,SQMT6_CRTR_DIFF_AREA,6제곱미터기준차이면적,"면적N19,9","NUMERIC(19,9)",,,
공원점수,,10,YR5_PARK_MNG_BGT_AMT,5년공원관리예산금액,금액N18,NUMERIC(18),,,
공원점수,,11,ANL_PARK_VST_NOPE,연간공원방문인원수,"수N20,10","NUMERIC(20,10)",,,
공원점수,,12,PARK_SRVC_ECLD_PPLTN_CNT,공원서비스소외인구수,"수N20,10","NUMERIC(20,10)",,,
공원점수,,13,PARK_SRVC_BNT_PPLTN_RT,공원서비스수혜인구비율,"비율N13,9","NUMERIC(13,9)",,,
공원점수,,14,SQAR_GRBT_PARK_MIX_EVL_SCR,광장녹지공원혼합평가점수,"수N20,10","NUMERIC(20,10)",,,
공원점수,,15,GRBT_AREA,녹지면적,"면적N19,9","NUMERIC(19,9)",,,
공원점수,,16,ANAVG_PARK_MNG_BGT_AMT,연평균공원관리예산금액,"금액N22,2","NUMERIC(22,2)",,,
공원점수,,17,ANL_PARK_VST_NOPE_RT,연간공원방문인원수비율,"비율N12,9","NUMERIC(12,9)",,,
공원점수,,18,PARK_SRVC_ECLD_PPLTN_RT,공원서비스소외인구비율,"비율N12,9","NUMERIC(12,9)",,,
공원점수,,19,PARK_SRVC_BNT_PPLTN_RT_WGVL_SCR,공원서비스수혜인구비율가중치점수,"수N20,10","NUMERIC(20,10)",,,
공원점수,,20,GRBT_AREA_RT,녹지면적비율,"비율N12,9","NUMERIC(12,9)",,,
공원점수,,21,PPLTN1_PARK_GRBT_AREA_IDX,인구1명공원녹지면적지수,"수N20,10","NUMERIC(20,10)",,,
공원점수,,22,SQMT6_CRTR_DIFF_AREA_IDX,6제곱미터기준차이면적지수,"수N20,10","NUMERIC(20,10)",,,
공원점수,,23,SQMT1_PARK_MNG_BGT_IDX,1제곱미터공원관리예산지수,"수N20,10","NUMERIC(20,10)",,,
공원점수,,24,ANL_PARK_VST_NOPE_RT_IDX,연간공원방문인원수비율지수,"수N20,10","NUMERIC(20,10)",,,
공원점수,,25,PARK_SRVC_ECLD_PPLTN_RT_IDX,공원서비스소외인구비율지수,"수N20,10","NUMERIC(20,10)",,,
공원점수,,26,PARK_SRVC_BNT_PPLTN_RT_IDX,공원서비스수혜인구비율지수,"수N20,10","NUMERIC(20,10)",,,
공원점수,,27,SQAR_GRBT_PARK_MIX_IDX,광장녹지공원혼합지수,"수N20,10","NUMERIC(20,10)",,,
공원점수,,28,GRBT_AREA_RT_IDX,녹지면적비율지수,"수N20,10","NUMERIC(20,10)",,,
공원점수,,29,PPLTN1_PARK_GRBT_AREA_SCR,인구1명공원녹지면적점수,"수N20,10","NUMERIC(20,10)",,,
공원점수,,30,SQMT6_CRTR_DIFF_AREA_SCR,6제곱미터기준차이면적점수,"수N20,10","NUMERIC(20,10)",,,
공원점수,,31,SQMT1_PARK_MNG_BGT_SCR,1제곱미터공원관리예산점수,"수N20,10","NUMERIC(20,10)",,,
공원점수,,32,ANL_PARK_VST_NOPE_RT_SCR,연간공원방문인원수비율점수,"수N20,10","NUMERIC(20,10)",,,
공원점수,,33,PARK_SRVC_ECLD_PPLTN_RT_SCR,공원서비스소외인구비율점수,"수N20,10","NUMERIC(20,10)",,,
공원점수,,34,PARK_SRVC_BNT_PPLTN_RT_SCR,공원서비스수혜인구비율점수,"수N20,10","NUMERIC(20,10)",,,
공원점수,,35,SQAR_GRBT_PARK_MIX_SCR,광장녹지공원혼합점수,"수N20,10","NUMERIC(20,10)",,,
공원점수,,36,GRBT_AREA_RT_SCR,녹지면적비율점수,"수N20,10","NUMERIC(20,10)",,,
공원점수,,37,PARK_SNTHS_SCR,공원종합점수,"수N20,10","NUMERIC(20,10)",,,
공원점수,,38,PPLTN1_PARK_GRBT_AREA_RNK,인구1명공원녹지면적순위,수N10,NUMERIC(10),,,
공원점수,,39,SQMT6_CRTR_DIFF_AREA_RNK,6제곱미터기준차이면적순위,수N10,NUMERIC(10),,,
공원점수,,40,SQMT1_PARK_MNG_BGT_RNK,1제곱미터공원관리예산순위,수N10,NUMERIC(10),,,
공원점수,,41,ANL_PARK_VST_NOPE_RT_RNK,연간공원방문인원수비율순위,수N10,NUMERIC(10),,,
공원점수,,42,PARK_SRVC_ECLD_PPLTN_RT_RNK,공원서비스소외인구비율순위,수N10,NUMERIC(10),,,
공원점수,,43,PARK_SRVC_BNT_PPLTN_RT_RNK,공원서비스수혜인구비율순위,수N10,NUMERIC(10),,,
공원점수,,44,SQAR_GRBT_PARK_MIX_RNK,광장녹지공원혼합순위,수N10,NUMERIC(10),,,
공원점수,,45,GRBT_AREA_RT_RNK,녹지면적비율순위,수N10,NUMERIC(10),,,
공원점수,,46,PARK_SNTHS_RNK,공원종합순위,수N10,NUMERIC(10),,,
공원점수,,47,FRST_RGTR_ID,최초등록자아이디,아이디V320,VARCHAR(320),Not Null,,
공원점수,,48,FRST_REG_DT,최초등록일시,연월일시분초,TIMESTAMP,Not Null,,
공원점수,,49,MDFR_ID,수정자아이디,아이디V320,VARCHAR(320),Not Null,,
공원점수,,50,MDFCN_DT,수정일시,연월일시분초,TIMESTAMP,Not Null,,
공원점수,,엔티티 타입명,시군별공원점수,작성일,20xx xx xx,,,,
공원점수,,테이블명,TM_SIGUN_PARK_SCR,작성자,홍길동,,,,
공원점수,,테이블 설명,,,,,,,
공원점수,,번호,컬럼명,속성명,도메인,데이터타입,NULL여부,기본값,KEY
공원점수,,1,OBJECTID,objectid,일련번호S10,SERIAL4,Not Null,,PK
공원점수,,2,SHAPE,shape,공간정보,public.geometry,Not Null,,
공원점수,,3,CRTR_YMD,기준일자,연월일C8,CHAR(8),Not Null,,
공원점수,,4,SIGUN_CD,시군코드,코드C5,CHAR(5),Not Null,,
공원점수,,5,SIGUN_NM,시군명,명V40,VARCHAR(40),Not Null,,
공원점수,,6,PPLTN1_PARK_GRBT_AREA,인구1명공원녹지면적,"면적N19,9","NUMERIC(19,9)",,,
공원점수,,7,SQMT6_CRTR_DIFF_AREA,6제곱미터기준차이면적,"면적N19,9","NUMERIC(19,9)",,,
공원점수,,8,YR5_PARK_MNG_BGT_AMT,5년공원관리예산금액,금액N18,NUMERIC(18),,,
공원점수,,9,ANL_PARK_VST_NOPE,연간공원방문인원수,"수N20,10","NUMERIC(20,10)",,,
공원점수,,10,PARK_SRVC_ECLD_PPLTN_CNT,공원서비스소외인구수,"수N20,10","NUMERIC(20,10)",,,
공원점수,,11,PARK_SRVC_BNT_PPLTN_RT,공원서비스수혜인구비율,"비율N13,9","NUMERIC(13,9)",,,
공원점수,,12,SQAR_GRBT_PARK_MIX_EVL_SCR,광장녹지공원혼합평가점수,"수N20,10","NUMERIC(20,10)",,,
공원점수,,13,GRBT_AREA,녹지면적,"면적N19,9","NUMERIC(19,9)",,,
공원점수,,14,SQMT1_PARK_MNG_BGT_ANAVG_AMT,1제곱미터공원관리예산연평균금액,"금액N22,2","NUMERIC(22,2)",,,
공원점수,,15,ANL_PARK_VST_NOPE_RT,연간공원방문인원수비율,"비율N12,9","NUMERIC(12,9)",,,
공원점수,,16,PARK_SRVC_ECLD_PPLTN_RT,공원서비스소외인구비율,"비율N12,9","NUMERIC(12,9)",,,
공원점수,,17,PARK_SRVC_BNT_PPLTN_RT_WGVL_SCR,공원서비스수혜인구비율가중치점수,"수N20,10","NUMERIC(20,10)",,,
공원점수,,18,GRBT_AREA_RT,녹지면적비율,"비율N12,9","NUMERIC(12,9)",,,
공원점수,,19,PPLTN1_PARK_GRBT_AREA_IDX,인구1명공원녹지면적지수,"수N20,10","NUMERIC(20,10)",,,
공원점수,,20,SQMT6_CRTR_DIFF_AREA_IDX,6제곱미터기준차이면적지수,"수N20,10","NUMERIC(20,10)",,,
공원점수,,21,SQMT1_PARK_MNG_BGT_IDX,1제곱미터공원관리예산지수,"수N20,10","NUMERIC(20,10)",,,
공원점수,,22,ANL_PARK_VST_NOPE_RT_IDX,연간공원방문인원수비율지수,"수N20,10","NUMERIC(20,10)",,,
공원점수,,23,PARK_SRVC_ECLD_PPLTN_RT_IDX,공원서비스소외인구비율지수,"수N20,10","NUMERIC(20,10)",,,
공원점수,,24,PARK_SRVC_BNT_PPLTN_RT_IDX,공원서비스수혜인구비율지수,"수N20,10","NUMERIC(20,10)",,,
공원점수,,25,SQAR_GRBT_PARK_MIX_IDX,광장녹지공원혼합지수,"수N20,10","NUMERIC(20,10)",,,
공원점수,,26,GRBT_AREA_RT_IDX,녹지면적비율지수,"수N20,10","NUMERIC(20,10)",,,
공원점수,,27,PPLTN1_PARK_GRBT_AREA_SCR,인구1명공원녹지면적점수,"수N20,10","NUMERIC(20,10)",,,
공원점수,,28,SQMT6_CRTR_DIFF_AREA_SCR,6제곱미터기준차이면적점수,"수N20,10","NUMERIC(20,10)",,,
공원점수,,29,SQMT1_PARK_MNG_BGT_SCR,1제곱미터공원관리예산점수,"수N20,10","NUMERIC(20,10)",,,
공원점수,,30,ANL_PARK_VST_NOPE_RT_SCR,연간공원방문인원수비율점수,"수N20,10","NUMERIC(20,10)",,,
공원점수,,31,PARK_SRVC_ECLD_PPLTN_RT_SCR,공원서비스소외인구비율점수,"수N20,10","NUMERIC(20,10)",,,
공원점수,,32,PARK_SRVC_BNT_PPLTN_RT_SCR,공원서비스수혜인구비율점수,"수N20,10","NUMERIC(20,10)",,,
공원점수,,33,SQAR_GRBT_PARK_MIX_SCR,광장녹지공원혼합점수,"수N20,10","NUMERIC(20,10)",,,
공원점수,,34,GRBT_AREA_RT_SCR,녹지면적비율점수,"수N20,10","NUMERIC(20,10)",,,
공원점수,,35,PARK_SNTHS_SCR,공원종합점수,"수N20,10","NUMERIC(20,10)",,,
공원점수,,36,PPLTN1_PARK_GRBT_AREA_RNK,인구1명공원녹지면적순위,수N10,NUMERIC(10),,,
공원점수,,37,SQMT6_CRTR_DIFF_AREA_RNK,6제곱미터기준차이면적순위,수N10,NUMERIC(10),,,
공원점수,,38,SQMT1_PARK_MNG_BGT_RNK,1제곱미터공원관리예산순위,수N10,NUMERIC(10),,,
공원점수,,39,ANL_PARK_VST_NOPE_RT_RNK,연간공원방문인원수비율순위,수N10,NUMERIC(10),,,
공원점수,,40,PARK_SRVC_ECLD_PPLTN_RT_RNK,공원서비스소외인구비율순위,수N10,NUMERIC(10),,,
공원점수,,41,PARK_SRVC_BNT_PPLTN_RT_RNK,공원서비스수혜인구비율순위,수N10,NUMERIC(10),,,
공원점수,,42,SQAR_GRBT_PARK_MIX_RNK,광장녹지공원혼합순위,수N10,NUMERIC(10),,,
공원점수,,43,GRBT_AREA_RT_RNK,녹지면적비율순위,수N10,NUMERIC(10),,,
공원점수,,44,PARK_SNTHS_RNK,공원종합순위,수N10,NUMERIC(10),,,
공원점수,,45,FRST_RGTR_ID,최초등록자아이디,아이디V320,VARCHAR(320),Not Null,,
공원점수,,46,FRST_REG_DT,최초등록일시,연월일시분초,TIMESTAMP,Not Null,,
공원점수,,47,MDFR_ID,수정자아이디,아이디V320,VARCHAR(320),Not Null,,
공원점수,,48,MDFCN_DT,수정일시,연월일시분초,TIMESTAMP,Not Null,,
탄소,,엔티티 타입명,법정동별비오톱탄소흡수량,작성일,20xx xx xx,,,,
탄소,,테이블명,TM_STDG_BIOTOP_CBN_ABPVL,작성자,홍길동,,,,
탄소,,테이블 설명,,,,,,,
탄소,,번호,컬럼명,속성명,도메인,데이터타입,NULL여부,기본값,KEY
탄소,,1,FBCTN_YR,제작연도,연도C4,CHAR(4),Not Null,,PK
탄소,,2,STDG_CD,법정동코드,코드C10,CHAR(10),Not Null,,PK
탄소,,3,LCLSF_CD,대분류코드,코드V10,VARCHAR(10),Not Null,,PK
탄소,,4,STDG_NM,법정동명,명V40,VARCHAR(40),Not Null,,
탄소,,5,LCLSF_NM,대분류명,명V100,VARCHAR(100),Not Null,,
탄소,,6,SQMT1_GPP,1제곱미터총일차생산량,"수N20,10","NUMERIC(20,10)",,,
탄소,,7,SQMT1_NPP,1제곱미터순일차생산량,"수N20,10","NUMERIC(20,10)",,,
탄소,,8,BIOTOP_WHOL_GPP,비오톱전체총일차생산량,"수N20,10","NUMERIC(20,10)",,,
탄소,,9,BIOTOP_WHOL_NPP,비오톱전체순일차생산량,"수N20,10","NUMERIC(20,10)",,,
탄소,,10,BIOTOP_AREA,비오톱면적,"면적N19,9","NUMERIC(19,9)",,,
탄소,,11,FRST_RGTR_ID,최초등록자아이디,아이디V320,VARCHAR(320),Not Null,,
탄소,,12,FRST_REG_DT,최초등록일시,연월일시분초,TIMESTAMP,Not Null,,
탄소,,13,MDFR_ID,수정자아이디,아이디V320,VARCHAR(320),Not Null,,
탄소,,14,MDFCN_DT,수정일시,연월일시분초,TIMESTAMP,Not Null,,
탄소,,엔티티 타입명,구역별비오톱탄소흡수량,작성일,20xx xx xx,,,,
탄소,,테이블명,TM_ZONE_BIOTOP_CBN_ABPVL,작성자,홍길동,,,,
탄소,,테이블 설명,,,,,,,
탄소,,번호,컬럼명,속성명,도메인,데이터타입,NULL여부,기본값,KEY
탄소,,1,FBCTN_YR,제작연도,연도C4,CHAR(4),Not Null,,PK
탄소,,2,ADMDST_CD,행정구역코드,코드V10,VARCHAR(10),Not Null,,PK
탄소,,3,ADMDST_SE_CD,행정구역구분코드,코드V10,VARCHAR(10),Not Null,,PK
탄소,,4,ADMDST_NM,행정구역명,명V40,VARCHAR(40),,,
탄소,,5,LCLSF_CD,대분류코드,코드V10,VARCHAR(10),Not Null,,PK
탄소,,6,LCLSF_NM,대분류명,명V100,VARCHAR(100),Not Null,,
탄소,,7,SQMT1_GPP,1제곱미터총일차생산량,"수N20,10","NUMERIC(20,10)",,,
탄소,,8,SQMT1_NPP,1제곱미터순일차생산량,"수N20,10","NUMERIC(20,10)",,,
탄소,,9,BIOTOP_WHOL_GPP,비오톱전체총일차생산량,"수N20,10","NUMERIC(20,10)",,,
탄소,,10,BIOTOP_WHOL_NPP,비오톱전체순일차생산량,"수N20,10","NUMERIC(20,10)",,,
탄소,,11,FRST_RGTR_ID,최초등록자아이디,아이디V320,VARCHAR(320),Not Null,,
탄소,,12,FRST_REG_DT,최초등록일시,연월일시분초,TIMESTAMP,Not Null,,
탄소,,13,MDFR_ID,수정자아이디,아이디V320,VARCHAR(320),Not Null,,
탄소,,14,MDFCN_DT,수정일시,연월일시분초,TIMESTAMP,Not Null,,
탄소,,엔티티 타입명,법정동별식물탄소저장량비오톱,작성일,20xx xx xx,,,,
탄소,,테이블명,TM_STDG_PLNT_CBN_STRGAT_BIOTOP,작성자,홍길동,,,,
탄소,,테이블 설명,,,,,,,
탄소,,번호,컬럼명,속성명,도메인,데이터타입,NULL여부,기본값,KEY
탄소,,1,FBCTN_YR,제작연도,연도C4,CHAR(4),Not Null,,PK
탄소,,2,STDG_CD,법정동코드,코드C10,CHAR(10),Not Null,,PK
탄소,,3,LCLSF_CD,대분류코드,코드V10,VARCHAR(10),Not Null,,PK
탄소,,4,STDG_NM,법정동명,명V40,VARCHAR(40),Not Null,,
탄소,,5,LCLSF_NM,대분류명,명V100,VARCHAR(100),Not Null,,
탄소,,6,BIOTOP_AREA,비오톱면적,"면적N19,9","NUMERIC(19,9)",,,
탄소,,7,CBN_STRGAT,탄소저장량,"탄소저장량N25,10","NUMERIC(25,10)",,,
탄소,,8,FRST_RGTR_ID,최초등록자아이디,아이디V320,VARCHAR(320),Not Null,,
탄소,,9,FRST_REG_DT,최초등록일시,연월일시분초,TIMESTAMP,Not Null,,
탄소,,10,MDFR_ID,수정자아이디,아이디V320,VARCHAR(320),Not Null,,
탄소,,11,MDFCN_DT,수정일시,연월일시분초,TIMESTAMP,Not Null,,
탄소,,엔티티 타입명,구역별식물탄소저장량비오톱,작성일,20xx xx xx,,,,
탄소,,테이블명,TM_ZONE_PLNT_CBN_STRGAT_BIOTOP,작성자,홍길동,,,,
탄소,,테이블 설명,,,,,,,
탄소,,번호,컬럼명,속성명,도메인,데이터타입,NULL여부,기본값,KEY
탄소,,1,FBCTN_YR,제작연도,연도C4,CHAR(4),Not Null,,PK
탄소,,2,ADMDST_CD,행정구역코드,코드V10,VARCHAR(10),Not Null,,PK
탄소,,3,ADMDST_SE_CD,행정구역구분코드,코드V10,VARCHAR(10),Not Null,,PK
탄소,,4,ADMDST_NM,행정구역명,명V40,VARCHAR(40),,,
탄소,,5,LCLSF_CD,대분류코드,코드V10,VARCHAR(10),Not Null,,PK
탄소,,6,LCLSF_NM,대분류명,명V100,VARCHAR(100),Not Null,,
탄소,,7,BIOTOP_AREA,비오톱면적,"면적N19,9","NUMERIC(19,9)",,,
탄소,,8,CBN_STRGAT,탄소저장량,"탄소저장량N25,10","NUMERIC(25,10)",,,
탄소,,9,FRST_RGTR_ID,최초등록자아이디,아이디V320,VARCHAR(320),Not Null,,
탄소,,10,FRST_REG_DT,최초등록일시,연월일시분초,TIMESTAMP,Not Null,,
탄소,,11,MDFR_ID,수정자아이디,아이디V320,VARCHAR(320),Not Null,,
탄소,,12,MDFCN_DT,수정일시,연월일시분초,TIMESTAMP,Not Null,,
탄소,,엔티티 타입명,법정동별토양탄소저장량,작성일,20xx xx xx,,,,
탄소,,테이블명,TM_STDG_SOIL_CBN_STRGAT,작성자,홍길동,,,,
탄소,,테이블 설명,,,,,,,
탄소,,번호,컬럼명,속성명,도메인,데이터타입,NULL여부,기본값,KEY
탄소,,1,FBCTN_YR,제작연도,연도C4,CHAR(4),Not Null,,PK
탄소,,2,STDG_CD,법정동코드,코드C10,CHAR(10),Not Null,,PK
탄소,,3,STDG_NM,법정동명,명V40,VARCHAR(40),Not Null,,
탄소,,4,LCLSF_CD,대분류코드,코드V10,VARCHAR(10),Not Null,,PK
탄소,,5,LCLSF_NM,대분류명,명V100,VARCHAR(100),Not Null,,
탄소,,6,BIOTOP_AREA,비오톱면적,"면적N19,9","NUMERIC(19,9)",,,
탄소,,7,SOIL_CBN_STRGAT,토양탄소저장량,"탄소저장량N25,10","NUMERIC(25,10)",,,
탄소,,8,FRST_RGTR_ID,최초등록자아이디,아이디V320,VARCHAR(320),Not Null,,
탄소,,9,FRST_REG_DT,최초등록일시,연월일시분초,TIMESTAMP,Not Null,,
탄소,,10,MDFR_ID,수정자아이디,아이디V320,VARCHAR(320),Not Null,,
탄소,,11,MDFCN_DT,수정일시,연월일시분초,TIMESTAMP,Not Null,,
탄소,,엔티티 타입명,구역별토양탄소저장량,작성일,20xx xx xx,,,,
탄소,,테이블명,TM_ZONE_SOIL_CBN_STRGAT,작성자,홍길동,,,,
탄소,,테이블 설명,,,,,,,
탄소,,번호,컬럼명,속성명,도메인,데이터타입,NULL여부,기본값,KEY
탄소,,1,FBCTN_YR,제작연도,연도C4,CHAR(4),Not Null,,PK
탄소,,2,ADMDST_CD,행정구역코드,코드V10,VARCHAR(10),Not Null,,PK
탄소,,3,ADMDST_SE_CD,행정구역구분코드,코드V10,VARCHAR(10),Not Null,,PK
탄소,,4,ADMDST_NM,행정구역명,명V40,VARCHAR(40),,,
탄소,,5,LCLSF_CD,대분류코드,코드V10,VARCHAR(10),Not Null,,PK
탄소,,6,LCLSF_NM,대분류명,명V100,VARCHAR(100),Not Null,,
탄소,,7,BIOTOP_AREA,비오톱면적,"면적N19,9","NUMERIC(19,9)",,,
탄소,,8,SOIL_CBN_STRGAT,토양탄소저장량,"탄소저장량N25,10","NUMERIC(25,10)",,,
탄소,,9,FRST_RGTR_ID,최초등록자아이디,아이디V320,VARCHAR(320),Not Null,,
탄소,,10,FRST_REG_DT,최초등록일시,연월일시분초,TIMESTAMP,Not Null,,
탄소,,11,MDFR_ID,수정자아이디,아이디V320,VARCHAR(320),Not Null,,
탄소,,12,MDFCN_DT,수정일시,연월일시분초,TIMESTAMP,Not Null,,
탄소,,엔티티 타입명,건물전기사용탄소배출량,작성일,20xx xx xx,,,,
탄소,,테이블명,TM_BLDG_ELPWR_CBN_EHQTY,작성자,홍길동,,,,
탄소,,테이블 설명,,,,,,,
탄소,,번호,컬럼명,속성명,도메인,데이터타입,NULL여부,기본값,KEY
탄소,,1,OBJECTID,objectid,일련번호S10,SERIAL4,Not Null,,PK
탄소,,2,CMPTTN_YR,산정연도,연도C4,CHAR(4),Not Null,,
탄소,,3,GRID_ID,그리드아이디,명V20,VARCHAR(20),Not Null,,
탄소,,4,JAN_CBN_EHQTY,1월탄소배출량,"수N10,3","NUMERIC(10,3)",,,
탄소,,5,FEB_CBN_EHQTY,2월탄소배출량,"수N10,3","NUMERIC(10,3)",,,
탄소,,6,MAR_CBN_EHQTY,3월탄소배출량,"수N10,3","NUMERIC(10,3)",,,
탄소,,7,APR_CBN_EHQTY,4월탄소배출량,"수N10,3","NUMERIC(10,3)",,,
탄소,,8,MAY_CBN_EHQTY,5월탄소배출량,"수N10,3","NUMERIC(10,3)",,,
탄소,,9,JUN_CBN_EHQTY,6월탄소배출량,"수N10,3","NUMERIC(10,3)",,,
탄소,,10,JUL_CBN_EHQTY,7월탄소배출량,"수N10,3","NUMERIC(10,3)",,,
탄소,,11,AUG_CBN_EHQTY,8월탄소배출량,"수N10,3","NUMERIC(10,3)",,,
탄소,,12,SEP_CBN_EHQTY,9월탄소배출량,"수N10,3","NUMERIC(10,3)",,,
탄소,,13,OCT_CBN_EHQTY,10월탄소배출량,"수N10,3","NUMERIC(10,3)",,,
탄소,,14,NOV_CBN_EHQTY,11월탄소배출량,"수N10,3","NUMERIC(10,3)",,,
탄소,,15,DEC_CBN_EHQTY,12월탄소배출량,"수N10,3","NUMERIC(10,3)",,,
탄소,,16,ANL_SUM_EHQTY,연간합계배출량,"수N10,3","NUMERIC(10,3)",,,
탄소,,17,FRST_RGTR_ID,최초등록자아이디,아이디V320,VARCHAR(320),Not Null,,
탄소,,18,FRST_REG_DT,최초등록일시,연월일시분초,TIMESTAMP,Not Null,,
탄소,,19,MDFR_ID,수정자아이디,아이디V320,VARCHAR(320),Not Null,,
탄소,,20,MDFCN_DT,수정일시,연월일시분초,TIMESTAMP,Not Null,,
탄소,,21,SHAPE,shape,공간정보,public.geometry,,,
탄소,,엔티티 타입명,건물가스사용탄소배출량,작성일,20xx xx xx,,,,
탄소,,테이블명,TM_BLDG_GAS_CBN_EHQTY,작성자,홍길동,,,,
탄소,,테이블 설명,,,,,,,
탄소,,번호,컬럼명,속성명,도메인,데이터타입,NULL여부,기본값,KEY
탄소,,1,OBJECTID,objectid,일련번호S10,SERIAL4,Not Null,,PK
탄소,,2,CMPTTN_YR,산정연도,연도C4,CHAR(4),Not Null,,
탄소,,3,GRID_ID,그리드아이디,명V20,VARCHAR(20),Not Null,,
탄소,,4,JAN_CBN_EHQTY,1월탄소배출량,"수N10,3","NUMERIC(10,3)",,,
탄소,,5,FEB_CBN_EHQTY,2월탄소배출량,"수N10,3","NUMERIC(10,3)",,,
탄소,,6,MAR_CBN_EHQTY,3월탄소배출량,"수N10,3","NUMERIC(10,3)",,,
탄소,,7,APR_CBN_EHQTY,4월탄소배출량,"수N10,3","NUMERIC(10,3)",,,
탄소,,8,MAY_CBN_EHQTY,5월탄소배출량,"수N10,3","NUMERIC(10,3)",,,
탄소,,9,JUN_CBN_EHQTY,6월탄소배출량,"수N10,3","NUMERIC(10,3)",,,
탄소,,10,JUL_CBN_EHQTY,7월탄소배출량,"수N10,3","NUMERIC(10,3)",,,
탄소,,11,AUG_CBN_EHQTY,8월탄소배출량,"수N10,3","NUMERIC(10,3)",,,
탄소,,12,SEP_CBN_EHQTY,9월탄소배출량,"수N10,3","NUMERIC(10,3)",,,
탄소,,13,OCT_CBN_EHQTY,10월탄소배출량,"수N10,3","NUMERIC(10,3)",,,
탄소,,14,NOV_CBN_EHQTY,11월탄소배출량,"수N10,3","NUMERIC(10,3)",,,
탄소,,15,DEC_CBN_EHQTY,12월탄소배출량,"수N10,3","NUMERIC(10,3)",,,
탄소,,16,ANL_SUM_EHQTY,연간합계배출량,"수N10,3","NUMERIC(10,3)",,,
탄소,,17,FRST_RGTR_ID,최초등록자아이디,아이디V320,VARCHAR(320),Not Null,,
탄소,,18,FRST_REG_DT,최초등록일시,연월일시분초,TIMESTAMP,Not Null,,
탄소,,19,MDFR_ID,수정자아이디,아이디V320,VARCHAR(320),Not Null,,
탄소,,20,MDFCN_DT,수정일시,연월일시분초,TIMESTAMP,Not Null,,
탄소,,21,SHAPE,shape,공간정보,public.geometry,,,
탄소,,엔티티 타입명,건물난방사용탄소배출량,작성일,20xx xx xx,,,,
탄소,,테이블명,TM_BLDG_HETNG_CBN_EHQTY,작성자,홍길동,,,,
탄소,,테이블 설명,,,,,,,
탄소,,번호,컬럼명,속성명,도메인,데이터타입,NULL여부,기본값,KEY
탄소,,1,OBJECTID,objectid,일련번호S10,SERIAL4,Not Null,,PK
탄소,,2,CMPTTN_YR,산정연도,연도C4,CHAR(4),Not Null,,
탄소,,3,GRID_ID,그리드아이디,명V20,VARCHAR(20),Not Null,,
탄소,,4,JAN_CBN_EHQTY,1월탄소배출량,"수N10,3","NUMERIC(10,3)",,,
탄소,,5,FEB_CBN_EHQTY,2월탄소배출량,"수N10,3","NUMERIC(10,3)",,,
탄소,,6,MAR_CBN_EHQTY,3월탄소배출량,"수N10,3","NUMERIC(10,3)",,,
탄소,,7,APR_CBN_EHQTY,4월탄소배출량,"수N10,3","NUMERIC(10,3)",,,
탄소,,8,MAY_CBN_EHQTY,5월탄소배출량,"수N10,3","NUMERIC(10,3)",,,
탄소,,9,JUN_CBN_EHQTY,6월탄소배출량,"수N10,3","NUMERIC(10,3)",,,
탄소,,10,JUL_CBN_EHQTY,7월탄소배출량,"수N10,3","NUMERIC(10,3)",,,
탄소,,11,AUG_CBN_EHQTY,8월탄소배출량,"수N10,3","NUMERIC(10,3)",,,
탄소,,12,SEP_CBN_EHQTY,9월탄소배출량,"수N10,3","NUMERIC(10,3)",,,
탄소,,13,OCT_CBN_EHQTY,10월탄소배출량,"수N10,3","NUMERIC(10,3)",,,
탄소,,14,NOV_CBN_EHQTY,11월탄소배출량,"수N10,3","NUMERIC(10,3)",,,
탄소,,15,DEC_CBN_EHQTY,12월탄소배출량,"수N10,3","NUMERIC(10,3)",,,
탄소,,16,ANL_SUM_EHQTY,연간합계배출량,"수N10,3","NUMERIC(10,3)",,,
탄소,,17,FRST_RGTR_ID,최초등록자아이디,아이디V320,VARCHAR(320),Not Null,,
탄소,,18,FRST_REG_DT,최초등록일시,연월일시분초,TIMESTAMP,Not Null,,
탄소,,19,MDFR_ID,수정자아이디,아이디V320,VARCHAR(320),Not Null,,
탄소,,20,MDFCN_DT,수정일시,연월일시분초,TIMESTAMP,Not Null,,
탄소,,21,SHAPE,shape,공간정보,public.geometry,,,
탄소,,엔티티 타입명,수송레벨6탄소배출량,작성일,20xx xx xx,,,,
탄소,,테이블명,TM_TRSP_LV6_CBN_EHQTY,작성자,홍길동,,,,
탄소,,테이블 설명,,,,,,,
탄소,,번호,컬럼명,속성명,도메인,데이터타입,NULL여부,기본값,KEY
탄소,,1,OBJECTID,objectid,일련번호S10,SERIAL4,Not Null,,PK
탄소,,2,CMPTTN_YR,산정연도,연도C4,CHAR(4),Not Null,,
탄소,,3,GRID_ID,그리드아이디,명V20,VARCHAR(20),Not Null,,
탄소,,4,ANL_SUM_EHQTY,연간합계배출량,"수N10,3","NUMERIC(10,3)",,,
탄소,,5,FRST_RGTR_ID,최초등록자아이디,아이디V320,VARCHAR(320),Not Null,,
탄소,,6,FRST_REG_DT,최초등록일시,연월일시분초,TIMESTAMP,Not Null,,
탄소,,7,MDFR_ID,수정자아이디,아이디V320,VARCHAR(320),Not Null,,
탄소,,8,MDFCN_DT,수정일시,연월일시분초,TIMESTAMP,Not Null,,
탄소,,9,SHAPE,shape,공간정보,public.geometry,,,
탄소,,엔티티 타입명,법정동별탄소배출량통계,작성일,20xx xx xx,,,,
탄소,,테이블명,TS_STDG_CBN_EHQTY_STATS,작성자,홍길동,,,,
탄소,,테이블 설명,,,,,,,
탄소,,번호,컬럼명,속성명,도메인,데이터타입,NULL여부,기본값,KEY
탄소,,1,CMPTTN_YR,산정연도,연도C4,CHAR(4),Not Null,,PK
탄소,,2,STDG_CD,법정동코드,코드C10,CHAR(10),Not Null,,PK
탄소,,3,STDG_NM,법정동명,명V40,VARCHAR(40),,,
탄소,,4,BLDG_ELPWR_USE_CBN_EHQTY,건물전력사용탄소배출량,"수N20,10","NUMERIC(20,10)",,,
탄소,,5,BLDG_GAS_USE_CBN_EHQTY,건물가스사용탄소배출량,"수N20,10","NUMERIC(20,10)",,,
탄소,,6,BLDG_HETNG_USE_CBN_EHQTY,건물난방사용탄소배출량,"수N20,10","NUMERIC(20,10)",,,
탄소,,7,TRSP_LV6_CBN_EHQTY,수송레벨6탄소배출량,"수N20,10","NUMERIC(20,10)",,,
탄소,,8,SUM_EHQTY,합계배출량,"수N20,10","NUMERIC(20,10)",,,
탄소,,9,FRST_RGTR_ID,최초등록자아이디,아이디V320,VARCHAR(320),Not Null,,
탄소,,10,FRST_REG_DT,최초등록일시,연월일시분초,TIMESTAMP,Not Null,,
탄소,,11,MDFR_ID,수정자아이디,아이디V320,VARCHAR(320),Not Null,,
탄소,,12,MDFCN_DT,수정일시,연월일시분초,TIMESTAMP,Not Null,,
탄소,,엔티티 타입명,구역별탄소배출량통계,작성일,20xx xx xx,,,,
탄소,,테이블명,TS_ZONE_CBN_EHQTY_STATS,작성자,홍길동,,,,
탄소,,테이블 설명,,,,,,,
탄소,,번호,컬럼명,속성명,도메인,데이터타입,NULL여부,기본값,KEY
탄소,,1,CMPTTN_YR,산정연도,연도C4,CHAR(4),Not Null,,PK
탄소,,2,ADMDST_CD,행정구역코드,코드V10,VARCHAR(10),Not Null,,PK
탄소,,3,ADMDST_SE_CD,행정구역구분코드,코드V10,VARCHAR(10),Not Null,,PK
탄소,,4,ADMDST_NM,행정구역명,명V40,VARCHAR(40),,,
탄소,,5,BLDG_ELPWR_USE_CBN_EHQTY,건물전력사용탄소배출량,"수N20,10","NUMERIC(20,10)",,,
탄소,,6,BLDG_GAS_USE_CBN_EHQTY,건물가스사용탄소배출량,"수N20,10","NUMERIC(20,10)",,,
탄소,,7,BLDG_HETNG_USE_CBN_EHQTY,건물난방사용탄소배출량,"수N20,10","NUMERIC(20,10)",,,
탄소,,8,TRSP_LV6_CBN_EHQTY,수송레벨6탄소배출량,"수N20,10","NUMERIC(20,10)",,,
탄소,,9,SUM_EHQTY,합계배출량,"수N20,10","NUMERIC(20,10)",,,
탄소,,10,FRST_RGTR_ID,최초등록자아이디,아이디V320,VARCHAR(320),Not Null,,
탄소,,11,FRST_REG_DT,최초등록일시,연월일시분초,TIMESTAMP,Not Null,,
탄소,,12,MDFR_ID,수정자아이디,아이디V320,VARCHAR(320),Not Null,,
탄소,,13,MDFCN_DT,수정일시,연월일시분초,TIMESTAMP,Not Null,,
태양광,,엔티티 타입명,태양광시설위치,작성일,20xx xx xx,,,,
태양광,,테이블명,TM_SUNL_FCLT_PSTN,작성자,홍길동,,,,
태양광,,테이블 설명,,,,,,,
태양광,,번호,컬럼명,속성명,도메인,데이터타입,NULL여부,기본값,KEY
태양광,,1,OBJECTID,objectid,일련번호S10,SERIAL4,Not Null,,PK
태양광,,2,SHAPE,shape,공간정보,public.geometry,,,
태양광,,3,ANLS_YR,분석연도,연도C4,CHAR(4),,,
태양광,,4,PNU,필지고유번호,PNU코드C19,CHAR(19),Not Null,,
태양광,,5,LDCG_NM,지목명,명V20,VARCHAR(20),,,
태양광,,6,PNU_JOB_ID,필지고유번호작업아이디,번호V50,VARCHAR(50),,,
태양광,,7,PNU_JOB_CHG_ID,필지고유번호작업변경아이디,번호V50,VARCHAR(50),,,
태양광,,8,BDRG_LNKG_ID,건축물대장연결아이디,번호V50,VARCHAR(50),,,
태양광,,9,GIS_BLDG_INTG_MNG_NO,GIS건물통합관리번호,번호V50,VARCHAR(50),,,
태양광,,10,INDST_CMPX_NM,산업단지명,명V300,VARCHAR(300),,,
태양광,,11,INSTL_TYPE_NM,설치유형명,명V100,VARCHAR(100),,,
태양광,,12,USG_SE_NM,용도구분명,명V100,VARCHAR(100),,,
태양광,,13,LCPMT_REG_YN,인허가등록여부,여부C1,CHAR(1),,,
태양광,,14,DADDR,상세주소,상세주소V200,VARCHAR(200),,,
태양광,,15,LOT,경도,"경도N13,10","NUMERIC(13,10)",,,
태양광,,16,LAT,위도,"위도N12,10","NUMERIC(12,10)",,,
태양광,,17,AREA,면적,"면적N19,9","NUMERIC(19,9)",,,
태양광,,18,SGG_NM,시군구명,명V40,VARCHAR(40),,,
태양광,,19,BLDG_INSTL_YN,건물설치여부,여부C1,CHAR(1),,,
태양광,,20,JAN_SRQTY,1월일사량,"일사량N14,7","NUMERIC(14,7)",,,
태양광,,21,FEB_SRQTY,2월일사량,"일사량N14,7","NUMERIC(14,7)",,,
태양광,,22,MAR_SRQTY,3월일사량,"일사량N14,7","NUMERIC(14,7)",,,
태양광,,23,APR_SRQTY,4월일사량,"일사량N14,7","NUMERIC(14,7)",,,
태양광,,24,MAY_SRQTY,5월일사량,"일사량N14,7","NUMERIC(14,7)",,,
태양광,,25,JUN_SRQTY,6월일사량,"일사량N14,7","NUMERIC(14,7)",,,
태양광,,26,JUL_SRQTY,7월일사량,"일사량N14,7","NUMERIC(14,7)",,,
태양광,,27,AUG_SRQTY,8월일사량,"일사량N14,7","NUMERIC(14,7)",,,
태양광,,28,SEP_SRQTY,9월일사량,"일사량N14,7","NUMERIC(14,7)",,,
태양광,,29,OCT_SRQTY,10월일사량,"일사량N14,7","NUMERIC(14,7)",,,
태양광,,30,NOV_SRQTY,11월일사량,"일사량N14,7","NUMERIC(14,7)",,,
태양광,,31,DEC_SRQTY,12월일사량,"일사량N14,7","NUMERIC(14,7)",,,
태양광,,32,ANL_SUM_SRQTY,연간합계일사량,"수N20,10","NUMERIC(20,10)",,,
태양광,,33,FRST_RGTR_ID,최초등록자아이디,아이디V320,VARCHAR(320),Not Null,,
태양광,,34,FRST_REG_DT,최초등록일시,연월일시분초,TIMESTAMP,Not Null,,
태양광,,35,MDFR_ID,수정자아이디,아이디V320,VARCHAR(320),Not Null,,
태양광,,36,MDFCN_DT,수정일시,연월일시분초,TIMESTAMP,Not Null,,
태양광,,엔티티 타입명,태양광시설인허가,작성일,20xx xx xx,,,,
태양광,,테이블명,TM_SUNL_FCLT_LCPMT,작성자,홍길동,,,,
태양광,,테이블 설명,,,,,,,
태양광,,번호,컬럼명,속성명,도메인,데이터타입,NULL여부,기본값,KEY
태양광,,1,OBJECTID,objectid,일련번호S10,SERIAL4,Not Null,,PK
태양광,,2,SHAPE,shape,공간정보,public.geometry,Not Null,,
태양광,,3,INSTL_YR,설치연도,연도C4,CHAR(4),Not Null,,
태양광,,4,SIGUN_NM,시군명,명V40,VARCHAR(40),,,
태양광,,5,FCLT_DADDR,시설상세주소,상세주소V200,VARCHAR(200),,,
태양광,,6,FCLT_CPCT,시설용량,"수N20,10","NUMERIC(20,10)",,,
태양광,,7,INSTL_TYPE_NM,설치유형명,명V100,VARCHAR(100),,,
태양광,,8,USG_SE_NM,용도구분명,명V100,VARCHAR(100),Not Null,,
태양광,,9,PRMSN_YMD,허가일자,연월일C8,CHAR(8),,,
태양광,,10,PRMSN_AREA,허가면적,"면적N19,9","NUMERIC(19,9)",,,
태양광,,11,BIZ_STRT_YMD_CN,사업개시일자내용,내용V1000,VARCHAR(1000),,,
태양광,,12,PNU,필지고유번호,PNU코드C19,CHAR(19),,,
태양광,,13,DVLP_PRNMNT_YN,개발예정여부,여부C1,CHAR(1),,,
태양광,,14,FRST_RGTR_ID,최초등록자아이디,아이디V320,VARCHAR(320),Not Null,,
태양광,,15,FRST_REG_DT,최초등록일시,연월일시분초,TIMESTAMP,Not Null,,
태양광,,16,MDFR_ID,수정자아이디,아이디V320,VARCHAR(320),Not Null,,
태양광,,17,MDFCN_DT,수정일시,연월일시분초,TIMESTAMP,Not Null,,
태양광,,엔티티 타입명,구역별이론태양광발전량한국에너지기술연구원,작성일,20xx xx xx,,,,
태양광,,테이블명,TM_ZONE_THRY_SUNL_GENQY_KIER,작성자,홍길동,,,,
태양광,,테이블 설명,,,,,,,
태양광,,번호,컬럼명,속성명,도메인,데이터타입,NULL여부,기본값,KEY
태양광,,1,CRTR_YMD,기준일자,연월일C8,CHAR(8),Not Null,,PK
태양광,,2,ADMDST_CD,행정구역코드,코드V10,VARCHAR(10),Not Null,,PK
태양광,,3,ADMDST_NM,행정구역명,명V40,VARCHAR(40),Not Null,,PK
태양광,,4,ADMDST_SE_CD,행정구역구분코드,코드V10,VARCHAR(10),Not Null,,PK
태양광,,5,GRND_RFTP_SE_CD,지상옥상구분코드,코드C6,CHAR(6),Not Null,,PK
태양광,,6,SUM_GENQY,합계발전량,"합계발전량N25,10","NUMERIC(25,10)",,,
태양광,,7,SUM_AREA,합계면적,"면적N19,9","NUMERIC(19,9)",,,
태양광,,8,FRST_RGTR_ID,최초등록자아이디,아이디V320,VARCHAR(320),Not Null,,
태양광,,9,FRST_REG_DT,최초등록일시,연월일시분초,TIMESTAMP,Not Null,,
태양광,,10,MDFR_ID,수정자아이디,아이디V320,VARCHAR(320),Not Null,,
태양광,,11,MDFCN_DT,수정일시,연월일시분초,TIMESTAMP,Not Null,,
태양광,,엔티티 타입명,법정동별이론태양광발전량한국에너지기술연구원,작성일,20xx xx xx,,,,
태양광,,테이블명,TM_STDG_THRY_SUNL_GENQY_KIER,작성자,홍길동,,,,
태양광,,테이블 설명,,,,,,,
태양광,,번호,컬럼명,속성명,도메인,데이터타입,NULL여부,기본값,KEY
태양광,,1,OBJECTID,objectid,일련번호S10,SERIAL4,Not Null,,
태양광,,2,SHAPE,shape,공간정보,public.geometry,,,
태양광,,3,CRTR_YMD,기준일자,연월일C8,CHAR(8),Not Null,,PK
태양광,,4,STDG_CD,법정동코드,코드C10,CHAR(10),Not Null,,PK
태양광,,5,GRND_RFTP_SE_CD,지상옥상구분코드,코드C6,CHAR(6),Not Null,,PK
태양광,,6,STDG_NM,법정동명,명V40,VARCHAR(40),,,
태양광,,7,SGG_CD,시군구코드,코드C5,CHAR(5),,,
태양광,,8,SGG_NM,시군구명,명V40,VARCHAR(40),,,
태양광,,9,SIGUN_CD,시군코드,코드C5,CHAR(5),,,
태양광,,10,SIGUN_NM,시군명,명V40,VARCHAR(40),,,
태양광,,11,SUM_GENQY,합계발전량,"합계발전량N25,10","NUMERIC(25,10)",,,
태양광,,12,SUM_AREA,합계면적,"면적N19,9","NUMERIC(19,9)",,,
태양광,,13,FRST_RGTR_ID,최초등록자아이디,아이디V320,VARCHAR(320),Not Null,,
태양광,,14,FRST_REG_DT,최초등록일시,연월일시분초,TIMESTAMP,Not Null,,
태양광,,15,MDFR_ID,수정자아이디,아이디V320,VARCHAR(320),Not Null,,
태양광,,16,MDFCN_DT,수정일시,연월일시분초,TIMESTAMP,Not Null,,
태양광,,엔티티 타입명,구역기술적태양광발전량한국에너지기술연구원,작성일,20xx xx xx,,,,
태양광,,테이블명,TM_ZONE_TECH_SUNL_GENQY_KIER,작성자,홍길동,,,,
태양광,,테이블 설명,,,,,,,
태양광,,번호,컬럼명,속성명,도메인,데이터타입,NULL여부,기본값,KEY
태양광,,1,CRTR_YMD,기준일자,연월일C8,CHAR(8),Not Null,,PK
태양광,,2,ADMDST_NM,행정구역명,명V40,VARCHAR(40),Not Null,,PK
태양광,,3,ADMDST_SE_CD,행정구역구분코드,코드V10,VARCHAR(10),Not Null,,PK
태양광,,4,ADMDST_CD,행정구역코드,코드V10,VARCHAR(10),Not Null,,PK
태양광,,5,GRND_RFTP_SE_CD,지상옥상구분코드,코드C6,CHAR(6),Not Null,,PK
태양광,,6,SUM_GENQY,합계발전량,"합계발전량N25,10","NUMERIC(25,10)",,,
태양광,,7,SUM_AREA,합계면적,"면적N19,9","NUMERIC(19,9)",,,
태양광,,8,FRST_RGTR_ID,최초등록자아이디,아이디V320,VARCHAR(320),Not Null,,
태양광,,9,FRST_REG_DT,최초등록일시,연월일시분초,TIMESTAMP,Not Null,,
태양광,,10,MDFR_ID,수정자아이디,아이디V320,VARCHAR(320),Not Null,,
태양광,,11,MDFCN_DT,수정일시,연월일시분초,TIMESTAMP,Not Null,,
태양광,,엔티티 타입명,법정동별기술적태양광발전량한국에너지기술연구원,작성일,20xx xx xx,,,,
태양광,,테이블명,TM_STDG_TECH_SUNL_GENQY_KIER,작성자,홍길동,,,,
태양광,,테이블 설명,,,,,,,
태양광,,번호,컬럼명,속성명,도메인,데이터타입,NULL여부,기본값,KEY
태양광,,1,CRTR_YMD,기준일자,연월일C8,CHAR(8),Not Null,,PK
태양광,,2,STDG_CD,법정동코드,코드C10,CHAR(10),Not Null,,PK
태양광,,3,GRND_RFTP_SE_CD,지상옥상구분코드,코드C6,CHAR(6),Not Null,,PK
태양광,,4,STDG_NM,법정동명,명V40,VARCHAR(40),,,
태양광,,5,SGG_CD,시군구코드,코드C5,CHAR(5),,,
태양광,,6,SGG_NM,시군구명,명V40,VARCHAR(40),,,
태양광,,7,SIGUN_CD,시군코드,코드C5,CHAR(5),,,
태양광,,8,SIGUN_NM,시군명,명V40,VARCHAR(40),,,
태양광,,9,SUM_GENQY,합계발전량,"합계발전량N25,10","NUMERIC(25,10)",,,
태양광,,10,SUM_AREA,합계면적,"면적N19,9","NUMERIC(19,9)",,,
태양광,,11,FRST_RGTR_ID,최초등록자아이디,아이디V320,VARCHAR(320),Not Null,,
태양광,,12,FRST_REG_DT,최초등록일시,연월일시분초,TIMESTAMP,Not Null,,
태양광,,13,MDFR_ID,수정자아이디,아이디V320,VARCHAR(320),Not Null,,
태양광,,14,MDFCN_DT,수정일시,연월일시분초,TIMESTAMP,Not Null,,
태양광,,엔티티 타입명,구역별시장태양광발전량한국에너지기술연구원,작성일,20xx xx xx,,,,
태양광,,테이블명,TM_ZONE_MRKT_SUNL_GENQY_KIER,작성자,홍길동,,,,
태양광,,테이블 설명,,,,,,,
태양광,,번호,컬럼명,속성명,도메인,데이터타입,NULL여부,기본값,KEY
태양광,,1,CRTR_YMD,기준일자,연월일C8,CHAR(8),Not Null,,PK
태양광,,2,ADMDST_NM,행정구역명,명V40,VARCHAR(40),Not Null,,PK
태양광,,3,ADMDST_SE_CD,행정구역구분코드,코드V10,VARCHAR(10),Not Null,,PK
태양광,,4,ADMDST_CD,행정구역코드,코드V10,VARCHAR(10),Not Null,,PK
태양광,,5,GRND_RFTP_SE_CD,지상옥상구분코드,코드C6,CHAR(6),Not Null,,PK
태양광,,6,SUM_GENQY,합계발전량,"합계발전량N25,10","NUMERIC(25,10)",,,
태양광,,7,SUM_AREA,합계면적,"면적N19,9","NUMERIC(19,9)",,,
태양광,,8,FRST_RGTR_ID,최초등록자아이디,아이디V320,VARCHAR(320),Not Null,,
태양광,,9,FRST_REG_DT,최초등록일시,연월일시분초,TIMESTAMP,Not Null,,
태양광,,10,MDFR_ID,수정자아이디,아이디V320,VARCHAR(320),Not Null,,
태양광,,11,MDFCN_DT,수정일시,연월일시분초,TIMESTAMP,Not Null,,
태양광,,엔티티 타입명,법정동별시장태양광발전량한국에너지기술연구원,작성일,20xx xx xx,,,,
태양광,,테이블명,TM_STDG_MRKT_SUNL_GENQY_KIER,작성자,홍길동,,,,
태양광,,테이블 설명,,,,,,,
태양광,,번호,컬럼명,속성명,도메인,데이터타입,NULL여부,기본값,KEY
태양광,,1,CRTR_YMD,기준일자,연월일C8,CHAR(8),Not Null,,PK
태양광,,2,STDG_CD,법정동코드,코드C10,CHAR(10),Not Null,,PK
태양광,,3,GRND_RFTP_SE_CD,지상옥상구분코드,코드C6,CHAR(6),Not Null,,PK
태양광,,4,STDG_NM,법정동명,명V40,VARCHAR(40),,,
태양광,,5,SGG_CD,시군구코드,코드C5,CHAR(5),,,
태양광,,6,SGG_NM,시군구명,명V40,VARCHAR(40),,,
태양광,,7,SIGUN_CD,시군코드,코드C5,CHAR(5),,,
태양광,,8,SIGUN_NM,시군명,명V40,VARCHAR(40),,,
태양광,,9,SUM_GENQY,합계발전량,"합계발전량N25,10","NUMERIC(25,10)",,,
태양광,,10,SUM_AREA,합계면적,"면적N19,9","NUMERIC(19,9)",,,
태양광,,11,FRST_RGTR_ID,최초등록자아이디,아이디V320,VARCHAR(320),Not Null,,
태양광,,12,FRST_REG_DT,최초등록일시,연월일시분초,TIMESTAMP,Not Null,,
태양광,,13,MDFR_ID,수정자아이디,아이디V320,VARCHAR(320),Not Null,,
태양광,,14,MDFCN_DT,수정일시,연월일시분초,TIMESTAMP,Not Null,,
기후취약인구,,엔티티 타입명,읍면동기후취약인구,작성일,20xx xx xx,,,,
기후취약인구,,테이블명,TM_EMD_CLIM_WEAK_PPLTN,작성자,홍길동,,,,
기후취약인구,,테이블 설명,,,,,,,
기후취약인구,,번호,컬럼명,속성명,도메인,데이터타입,NULL여부,기본값,KEY
기후취약인구,,1,OBJECTID,objectid,일련번호S10,SERIAL4,Not Null,,PK
기후취약인구,,2,SHAPE,shape,공간정보,public.geometry,,,
기후취약인구,,3,CRTR_YMD,기준일자,연월일C8,CHAR(8),Not Null,,
기후취약인구,,4,SIGUN_NM,시군명,명V40,VARCHAR(40),,,
기후취약인구,,5,SGG_NM,시군구명,명V40,VARCHAR(40),,,
기후취약인구,,6,EMD_CD,읍면동코드,코드C10,CHAR(10),Not Null,,
기후취약인구,,7,EMD_NM,읍면동명,명V40,VARCHAR(40),,,
기후취약인구,,8,EMD_PPLTN_CNT,읍면동인구수,수N10,NUMERIC(10),,,
기후취약인구,,9,AGE5UDR_PPLTN_CNT,유아인구수,수N10,NUMERIC(10),,,
기후취약인구,,10,SNCTZ_PPLTN_CNT,노인인구수,수N10,NUMERIC(10),,,
기후취약인구,,11,PWDBS_PPLTN_CNT,장애인인구수,수N10,NUMERIC(10),,,
기후취약인구,,12,HRIL_PPLTN_CNT,온열질환인구수,수N10,NUMERIC(10),,,
기후취약인구,,13,CHDS_PPLTN_CNT,만성질환인구수,수N10,NUMERIC(10),,,
기후취약인구,,14,MM_AVG_EARN_AMT,월평균소득금액,금액N18,NUMERIC(18),,,
기후취약인구,,15,ANINC20MW_ORLS_PPLTN_CNT,연소득2000만원이하인구수,수N10,NUMERIC(10),,,
기후취약인구,,16,AGE5UDR_PPLTN_RT,유아인구비율,"비율N12,9","NUMERIC(12,9)",,,
기후취약인구,,17,SNCTZ_PPLTN_RT,노인인구비율,"비율N12,9","NUMERIC(12,9)",,,
기후취약인구,,18,PWDBS_PPLTN_RT,장애인인구비율,"비율N12,9","NUMERIC(12,9)",,,
기후취약인구,,19,HRIL_PPLTN_RT,온열질환인구비율,"비율N12,9","NUMERIC(12,9)",,,
기후취약인구,,20,CHDS_PPLTN_RT,만성질환인구비율,"비율N12,9","NUMERIC(12,9)",,,
기후취약인구,,21,ANINC20MW_ORLS_PPLTN_RT,연소득2000만원이하인구비율,"비율N12,9","NUMERIC(12,9)",,,
기후취약인구,,22,AGE5UDR_PPLTN_IDX,유아인구지수,"수N20,10","NUMERIC(20,10)",,,
기후취약인구,,23,SNCTZ_PPLTN_IDX,노인인구지수,"수N20,10","NUMERIC(20,10)",,,
기후취약인구,,24,PWDBS_PPLTN_IDX,장애인인구지수,"수N20,10","NUMERIC(20,10)",,,
기후취약인구,,25,HRIL_PPLTN_IDX,온열질환인구지수,"수N20,10","NUMERIC(20,10)",,,
기후취약인구,,26,CHDS_PPLTN_IDX,만성질환인구지수,"수N20,10","NUMERIC(20,10)",,,
기후취약인구,,27,MM_AVG_EARN_IDX,월평균소득지수,"수N20,10","NUMERIC(20,10)",,,
기후취약인구,,28,ANINC20MW_ORLS_PPLTN_IDX,연소득2000만원이하인구지수,"수N20,10","NUMERIC(20,10)",,,
기후취약인구,,29,AGE5UDR_PPLTN_SCR,유아인구점수,"수N20,10","NUMERIC(20,10)",,,
기후취약인구,,30,SNCTZ_PPLTN_SCR,노인인구점수,"수N20,10","NUMERIC(20,10)",,,
기후취약인구,,31,PWDBS_PPLTN_SCR,장애인인구점수,"수N20,10","NUMERIC(20,10)",,,
기후취약인구,,32,HRIL_PPLTN_SCR,온열질환인구점수,"수N20,10","NUMERIC(20,10)",,,
기후취약인구,,33,CHDS_PPLTN_SCR,만성질환인구점수,"수N20,10","NUMERIC(20,10)",,,
기후취약인구,,34,MM_AVG_EARN_SCR,월평균소득점수,"수N20,10","NUMERIC(20,10)",,,
기후취약인구,,35,ANINC20MW_ORLS_PPLTN_SCR,연소득2000만원이하인구점수,"수N20,10","NUMERIC(20,10)",,,
기후취약인구,,36,VSP_VUL_SCR,취약계층취약성점수,"수N20,10","NUMERIC(20,10)",,,
기후취약인구,,37,HLTH_VUL_SCR,건강취약성점수,"수N20,10","NUMERIC(20,10)",,,
기후취약인구,,38,ECNY_VUL_SCR,경제취약성점수,"수N20,10","NUMERIC(20,10)",,,
기후취약인구,,39,CLIM_VUL_SNTHS_SCR,기후취약성종합점수,"수N20,10","NUMERIC(20,10)",,,
기후취약인구,,40,AGE5UDR_PPLTN_SCR_RNK,유아인구점수순위,수N10,NUMERIC(10),,,
기후취약인구,,41,SNCTZ_PPLTN_SCR_RNK,노인인구점수순위,수N10,NUMERIC(10),,,
기후취약인구,,42,PWDBS_PPLTN_SCR_RNK,장애인인구점수순위,수N10,NUMERIC(10),,,
기후취약인구,,43,HRIL_PPLTN_SCR_RNK,온열질환인구점수순위,수N10,NUMERIC(10),,,
기후취약인구,,44,CHDS_PPLTN_SCR_RNK,만성질환인구점수순위,수N10,NUMERIC(10),,,
기후취약인구,,45,MM_AVG_EARN_SCR_RNK,월평균소득점수순위,수N10,NUMERIC(10),,,
기후취약인구,,46,ANINC20MW_ORLS_PPLTN_SCR_RNK,연소득2000만원이하인구점수순위,수N10,NUMERIC(10),,,
기후취약인구,,47,VSP_VUL_SCR_RNK,취약계층취약성점수순위,수N10,NUMERIC(10),,,
기후취약인구,,48,HLTH_VUL_SCR_RNK,건강취약성점수순위,수N10,NUMERIC(10),,,
기후취약인구,,49,ECNY_VUL_SCR_RNK,경제취약성점수순위,수N10,NUMERIC(10),,,
기후취약인구,,50,CLIM_VUL_SNTHS_SCR_RNK,기후취약성종합점수순위,수N10,NUMERIC(10),,,
기후취약인구,,51,FRST_RGTR_ID,최초등록자아이디,아이디V320,VARCHAR(320),Not Null,,
기후취약인구,,52,FRST_REG_DT,최초등록일시,연월일시분초,TIMESTAMP,Not Null,,
기후취약인구,,53,MDFR_ID,수정자아이디,아이디V320,VARCHAR(320),Not Null,,
기후취약인구,,54,MDFCN_DT,수정일시,연월일시분초,TIMESTAMP,Not Null,,
기후취약인구,,엔티티 타입명,시군별기후취약인구,작성일,20xx xx xx,,,,
기후취약인구,,테이블명,TM_SIGUN_CLIM_WEAK_PPLTN,작성자,홍길동,,,,
기후취약인구,,테이블 설명,,,,,,,
기후취약인구,,번호,컬럼명,속성명,도메인,데이터타입,NULL여부,기본값,KEY
기후취약인구,,1,OBJECTID,objectid,일련번호S10,SERIAL4,Not Null,,PK
기후취약인구,,2,SHAPE,shape,공간정보,public.geometry,,,
기후취약인구,,3,CRTR_YMD,기준일자,연월일C8,CHAR(8),Not Null,,
기후취약인구,,4,SIGUN_CD,시군코드,코드C5,CHAR(5),Not Null,,
기후취약인구,,5,SIGUN_NM,시군명,명V40,VARCHAR(40),,,
기후취약인구,,6,SIGUN_PPLTN_CNT,시군인구수,수N10,NUMERIC(10),,,
기후취약인구,,7,AGE5UDR_PPLTN_CNT,유아인구수,수N10,NUMERIC(10),,,
기후취약인구,,8,SNCTZ_PPLTN_CNT,노인인구수,수N10,NUMERIC(10),,,
기후취약인구,,9,PWDBS_PPLTN_CNT,장애인인구수,수N10,NUMERIC(10),,,
기후취약인구,,10,HRIL_PPLTN_CNT,온열질환인구수,수N10,NUMERIC(10),,,
기후취약인구,,11,CHDS_PPLTN_CNT,만성질환인구수,수N10,NUMERIC(10),,,
기후취약인구,,12,MM_AVG_EARN_AMT,월평균소득금액,금액N18,NUMERIC(18),,,
기후취약인구,,13,ANINC20MW_ORLS_PPLTN_CNT,연소득2000만원이하인구수,수N10,NUMERIC(10),,,
기후취약인구,,14,AGE5UDR_PPLTN_RT,유아인구비율,"비율N12,9","NUMERIC(12,9)",,,
기후취약인구,,15,SNCTZ_PPLTN_RT,노인인구비율,"비율N12,9","NUMERIC(12,9)",,,
기후취약인구,,16,PWDBS_PPLTN_RT,장애인인구비율,"비율N12,9","NUMERIC(12,9)",,,
기후취약인구,,17,HRIL_PPLTN_RT,온열질환인구비율,"비율N12,9","NUMERIC(12,9)",,,
기후취약인구,,18,CHDS_PPLTN_RT,만성질환인구비율,"비율N12,9","NUMERIC(12,9)",,,
기후취약인구,,19,SIGUN_MM_AVG_EARN_AMT,시군월평균소득금액,"금액N22,2","NUMERIC(22,2)",,,
기후취약인구,,20,ANINC20MW_ORLS_PPLTN_RT,연소득2000만원이하인구비율,"비율N12,9","NUMERIC(12,9)",,,
기후취약인구,,21,AGE5UDR_PPLTN_IDX,유아인구지수,"수N20,10","NUMERIC(20,10)",,,
기후취약인구,,22,SNCTZ_PPLTN_IDX,노인인구지수,"수N20,10","NUMERIC(20,10)",,,
기후취약인구,,23,PWDBS_PPLTN_IDX,장애인인구지수,"수N20,10","NUMERIC(20,10)",,,
기후취약인구,,24,HRIL_PPLTN_IDX,온열질환인구지수,"수N20,10","NUMERIC(20,10)",,,
기후취약인구,,25,CHDS_PPLTN_IDX,만성질환인구지수,"수N20,10","NUMERIC(20,10)",,,
기후취약인구,,26,MM_AVG_EARN_IDX,월평균소득지수,"수N20,10","NUMERIC(20,10)",,,
기후취약인구,,27,ANINC20MW_ORLS_PPLTN_IDX,연소득2000만원이하인구지수,"수N20,10","NUMERIC(20,10)",,,
기후취약인구,,28,AGE5UDR_PPLTN_SCR,유아인구점수,"수N20,10","NUMERIC(20,10)",,,
기후취약인구,,29,SNCTZ_PPLTN_SCR,노인인구점수,"수N20,10","NUMERIC(20,10)",,,
기후취약인구,,30,PWDBS_PPLTN_SCR,장애인인구점수,"수N20,10","NUMERIC(20,10)",,,
기후취약인구,,31,HRIL_PPLTN_SCR,온열질환인구점수,"수N20,10","NUMERIC(20,10)",,,
기후취약인구,,32,CHDS_PPLTN_SCR,만성질환인구점수,"수N20,10","NUMERIC(20,10)",,,
기후취약인구,,33,MM_AVG_EARN_SCR,월평균소득점수,"수N20,10","NUMERIC(20,10)",,,
기후취약인구,,34,ANINC20MW_ORLS_PPLTN_SCR,연소득2000만원이하인구점수,"수N20,10","NUMERIC(20,10)",,,
기후취약인구,,35,VSP_VUL_SCR,취약계층취약성점수,"수N20,10","NUMERIC(20,10)",,,
기후취약인구,,36,HLTH_VUL_SCR,건강취약성점수,"수N20,10","NUMERIC(20,10)",,,
기후취약인구,,37,ECNY_VUL_SCR,경제취약성점수,"수N20,10","NUMERIC(20,10)",,,
기후취약인구,,38,CLIM_VUL_SNTHS_SCR,기후취약성종합점수,"수N20,10","NUMERIC(20,10)",,,
기후취약인구,,39,AGE5UDR_PPLTN_SCR_RNK,유아인구점수순위,수N10,NUMERIC(10),,,
기후취약인구,,40,SNCTZ_PPLTN_SCR_RNK,노인인구점수순위,수N10,NUMERIC(10),,,
기후취약인구,,41,PWDBS_PPLTN_SCR_RNK,장애인인구점수순위,수N10,NUMERIC(10),,,
기후취약인구,,42,HRIL_PPLTN_SCR_RNK,온열질환인구점수순위,수N10,NUMERIC(10),,,
기후취약인구,,43,CHDS_PPLTN_SCR_RNK,만성질환인구점수순위,수N10,NUMERIC(10),,,
기후취약인구,,44,MM_AVG_EARN_SCR_RNK,월평균소득점수순위,수N10,NUMERIC(10),,,
기후취약인구,,45,ANINC20MW_ORLS_PPLTN_SCR_RNK,연소득2000만원이하인구점수순위,수N10,NUMERIC(10),,,
기후취약인구,,46,VSP_VUL_SCR_RNK,취약계층취약성점수순위,수N10,NUMERIC(10),,,
기후취약인구,,47,HLTH_VUL_SCR_RNK,건강취약성점수순위,수N10,NUMERIC(10),,,
기후취약인구,,48,ECNY_VUL_SCR_RNK,경제취약성점수순위,수N10,NUMERIC(10),,,
기후취약인구,,49,CLIM_VUL_SNTHS_SCR_RNK,기후취약성종합점수순위,수N10,NUMERIC(10),,,
기후취약인구,,50,FRST_RGTR_ID,최초등록자아이디,아이디V320,VARCHAR(320),Not Null,,
기후취약인구,,51,FRST_REG_DT,최초등록일시,연월일시분초,TIMESTAMP,Not Null,,
기후취약인구,,52,MDFR_ID,수정자아이디,아이디V320,VARCHAR(320),Not Null,,
기후취약인구,,53,MDFCN_DT,수정일시,연월일시분초,TIMESTAMP,Not Null,,
비오톱통계,,엔티티 타입명,법정동별비오톱유형통계,작성일,20xx xx xx,,,,
비오톱통계,,테이블명,TS_STDG_BIOTOP_TYPE_STATS,작성자,홍길동,,,,
비오톱통계,,테이블 설명,,,,,,,
비오톱통계,,번호,컬럼명,속성명,도메인,데이터타입,NULL여부,기본값,KEY
비오톱통계,,1,FBCTN_YR,제작연도,연도C4,CHAR(4),Not Null,,PK
비오톱통계,,2,STDG_CD,법정동코드,코드C10,CHAR(10),Not Null,,PK
비오톱통계,,3,LCLSF_CD,대분류코드,코드V10,VARCHAR(10),Not Null,,PK
비오톱통계,,4,MCLSF_CD,중분류코드,코드V10,VARCHAR(10),Not Null,,PK
비오톱통계,,5,SCLSF_CD,소분류코드,코드V10,VARCHAR(10),Not Null,,PK
비오톱통계,,6,STDG_NM,법정동명,명V40,VARCHAR(40),Not Null,,
비오톱통계,,7,LCLSF_NM,대분류명,명V100,VARCHAR(100),,,
비오톱통계,,8,MCLSF_NM,중분류명,명V100,VARCHAR(100),,,
비오톱통계,,9,SCLSF_NM,소분류명,명V100,VARCHAR(100),,,
비오톱통계,,10,BIOTOP_AREA,비오톱면적,"면적N19,9","NUMERIC(19,9)",,,
비오톱통계,,11,FRST_RGTR_ID,최초등록자아이디,아이디V320,VARCHAR(320),Not Null,,
비오톱통계,,12,FRST_REG_DT,최초등록일시,연월일시분초,TIMESTAMP,Not Null,,
비오톱통계,,13,MDFR_ID,수정자아이디,아이디V320,VARCHAR(320),Not Null,,
비오톱통계,,14,MDFCN_DT,수정일시,연월일시분초,TIMESTAMP,Not Null,,
비오톱통계,,엔티티 타입명,구역별비오톱유형통계,작성일,20xx xx xx,,,,
비오톱통계,,테이블명,TS_ZONE_BIOTOP_TYPE_STATS,작성자,홍길동,,,,
비오톱통계,,테이블 설명,,,,,,,
비오톱통계,,번호,컬럼명,속성명,도메인,데이터타입,NULL여부,기본값,KEY
비오톱통계,,1,FBCTN_YR,제작연도,연도C4,CHAR(4),Not Null,,PK
비오톱통계,,2,ADMDST_CD,행정구역코드,코드V10,VARCHAR(10),Not Null,,PK
비오톱통계,,3,ADMDST_SE_CD,행정구역구분코드,코드V10,VARCHAR(10),Not Null,,PK
비오톱통계,,4,LCLSF_CD,대분류코드,코드V10,VARCHAR(10),Not Null,,PK
비오톱통계,,5,MCLSF_CD,중분류코드,코드V10,VARCHAR(10),Not Null,,PK
비오톱통계,,6,SCLSF_CD,소분류코드,코드V10,VARCHAR(10),Not Null,,PK
비오톱통계,,7,ADMDST_NM,행정구역명,명V40,VARCHAR(40),,,
비오톱통계,,8,LCLSF_NM,대분류명,명V100,VARCHAR(100),,,
비오톱통계,,9,MCLSF_NM,중분류명,명V100,VARCHAR(100),,,
비오톱통계,,10,SCLSF_NM,소분류명,명V100,VARCHAR(100),,,
비오톱통계,,11,BIOTOP_AREA,비오톱면적,"면적N19,9","NUMERIC(19,9)",,,
비오톱통계,,12,FRST_RGTR_ID,최초등록자아이디,아이디V320,VARCHAR(320),Not Null,,
비오톱통계,,13,FRST_REG_DT,최초등록일시,연월일시분초,TIMESTAMP,Not Null,,
비오톱통계,,14,MDFR_ID,수정자아이디,아이디V320,VARCHAR(320),Not Null,,
비오톱통계,,15,MDFCN_DT,수정일시,연월일시분초,TIMESTAMP,Not Null,,
비오톱통계,,엔티티 타입명,법정동별비오톱유형평가5등급통계,작성일,20xx xx xx,,,,
비오톱통계,,테이블명,TS_STDG_BIOTOP_TYPE_EVL_GRD5_STATS,작성자,홍길동,,,,
비오톱통계,,테이블 설명,,,,,,,
비오톱통계,,번호,컬럼명,속성명,도메인,데이터타입,NULL여부,기본값,KEY
비오톱통계,,1,FBCTN_YR,제작연도,연도C4,CHAR(4),Not Null,,PK
비오톱통계,,2,STDG_CD,법정동코드,코드C10,CHAR(10),Not Null,,PK
비오톱통계,,3,TYPE_EVL_GRD5,유형평가5등급,등급V10,VARCHAR(10),Not Null,,PK
비오톱통계,,4,STDG_NM,법정동명,명V40,VARCHAR(40),,,
비오톱통계,,5,BIOTOP_TYPE_GRD_AREA,비오톱유형등급면적,"면적N19,9","NUMERIC(19,9)",,,
비오톱통계,,6,FRST_RGTR_ID,최초등록자아이디,아이디V320,VARCHAR(320),Not Null,,
비오톱통계,,7,FRST_REG_DT,최초등록일시,연월일시분초,TIMESTAMP,Not Null,,
비오톱통계,,8,MDFR_ID,수정자아이디,아이디V320,VARCHAR(320),Not Null,,
비오톱통계,,9,MDFCN_DT,수정일시,연월일시분초,TIMESTAMP,Not Null,,
비오톱통계,,엔티티 타입명,구역별비오톱유형평가5등급통계,작성일,20xx xx xx,,,,
비오톱통계,,테이블명,TS_ZONE_BIOTOP_TYPE_EVL_GRD5_STATS,작성자,홍길동,,,,
비오톱통계,,테이블 설명,,,,,,,
비오톱통계,,번호,컬럼명,속성명,도메인,데이터타입,NULL여부,기본값,KEY
비오톱통계,,1,FBCTN_YR,제작연도,연도C4,CHAR(4),Not Null,,PK
비오톱통계,,2,ADMDST_CD,행정구역코드,코드V10,VARCHAR(10),Not Null,,PK
비오톱통계,,3,ADMDST_SE_CD,행정구역구분코드,코드V10,VARCHAR(10),Not Null,,PK
비오톱통계,,4,TYPE_EVL_GRD5,유형평가5등급,등급V10,VARCHAR(10),Not Null,,PK
비오톱통계,,5,ADMDST_NM,행정구역명,명V40,VARCHAR(40),,,
비오톱통계,,6,BIOTOP_TYPE_GRD_AREA,비오톱유형등급면적,"면적N19,9","NUMERIC(19,9)",,,
비오톱통계,,7,FRST_RGTR_ID,최초등록자아이디,아이디V320,VARCHAR(320),Not Null,,
비오톱통계,,8,FRST_REG_DT,최초등록일시,연월일시분초,TIMESTAMP,Not Null,,
비오톱통계,,9,MDFR_ID,수정자아이디,아이디V320,VARCHAR(320),Not Null,,
비오톱통계,,10,MDFCN_DT,수정일시,연월일시분초,TIMESTAMP,Not Null,,
비오톱통계,,엔티티 타입명,법정동별비오톱유형평가7등급통계,작성일,20xx xx xx,,,,
비오톱통계,,테이블명,TS_STDG_BIOTOP_TYPE_EVL_GRD7_STATS,작성자,홍길동,,,,
비오톱통계,,테이블 설명,,,,,,,
비오톱통계,,번호,컬럼명,속성명,도메인,데이터타입,NULL여부,기본값,KEY
비오톱통계,,1,FBCTN_YR,제작연도,연도C4,CHAR(4),Not Null,,PK
비오톱통계,,2,STDG_CD,법정동코드,코드C10,CHAR(10),Not Null,,PK
비오톱통계,,3,TYPE_EVL_GRD7,유형평가7등급,등급V10,VARCHAR(10),Not Null,,PK
비오톱통계,,4,STDG_NM,법정동명,명V40,VARCHAR(40),,,
비오톱통계,,5,BIOTOP_TYPE_GRD_AREA,비오톱유형등급면적,"면적N19,9","NUMERIC(19,9)",,,
비오톱통계,,6,FRST_RGTR_ID,최초등록자아이디,아이디V320,VARCHAR(320),Not Null,,
비오톱통계,,7,FRST_REG_DT,최초등록일시,연월일시분초,TIMESTAMP,Not Null,,
비오톱통계,,8,MDFR_ID,수정자아이디,아이디V320,VARCHAR(320),Not Null,,
비오톱통계,,9,MDFCN_DT,수정일시,연월일시분초,TIMESTAMP,Not Null,,
비오톱통계,,엔티티 타입명,구역별비오톱유형평가7등급통계,작성일,20xx xx xx,,,,
비오톱통계,,테이블명,TS_ZONE_BIOTOP_TYPE_EVL_GRD7_STATS,작성자,홍길동,,,,
비오톱통계,,테이블 설명,,,,,,,
비오톱통계,,번호,컬럼명,속성명,도메인,데이터타입,NULL여부,기본값,KEY
비오톱통계,,1,FBCTN_YR,제작연도,연도C4,CHAR(4),Not Null,,PK
비오톱통계,,2,ADMDST_CD,행정구역코드,코드V10,VARCHAR(10),Not Null,,PK
비오톱통계,,3,ADMDST_SE_CD,행정구역구분코드,코드V10,VARCHAR(10),Not Null,,PK
비오톱통계,,4,TYPE_EVL_GRD7,유형평가7등급,등급V10,VARCHAR(10),Not Null,,PK
비오톱통계,,5,ADMDST_NM,행정구역명,명V40,VARCHAR(40),,,
비오톱통계,,6,BIOTOP_TYPE_GRD_AREA,비오톱유형등급면적,"면적N19,9","NUMERIC(19,9)",,,
비오톱통계,,7,FRST_RGTR_ID,최초등록자아이디,아이디V320,VARCHAR(320),Not Null,,
비오톱통계,,8,FRST_REG_DT,최초등록일시,연월일시분초,TIMESTAMP,Not Null,,
비오톱통계,,9,MDFR_ID,수정자아이디,아이디V320,VARCHAR(320),Not Null,,
비오톱통계,,10,MDFCN_DT,수정일시,연월일시분초,TIMESTAMP,Not Null,,
비오톱통계,,엔티티 타입명,법정동별토지피복통계,작성일,20xx xx xx,,,,
비오톱통계,,테이블명,TS_STDG_LNDCVG_STATS,작성자,홍길동,,,,
비오톱통계,,테이블 설명,,,,,,,
비오톱통계,,번호,컬럼명,속성명,도메인,데이터타입,NULL여부,기본값,KEY
비오톱통계,,1,FBCTN_YR,제작연도,연도C4,CHAR(4),Not Null,,PK
비오톱통계,,2,STDG_CD,법정동코드,코드C10,CHAR(10),Not Null,,PK
비오톱통계,,3,LNDCVG_LCLSF_CD,토지피복대분류코드,코드V10,VARCHAR(10),Not Null,,PK
비오톱통계,,4,LNDCVG_MCLSF_CD,토지피복중분류코드,코드V10,VARCHAR(10),Not Null,,PK
비오톱통계,,5,LNDCVG_SCLSF_CD,토지피복소분류코드,코드V10,VARCHAR(10),Not Null,,PK
비오톱통계,,6,STDG_NM,법정동명,명V40,VARCHAR(40),,,
비오톱통계,,7,LNDCVG_LCLSF_NM,토지피복대분류명,명V100,VARCHAR(100),,,
비오톱통계,,8,LNDCVG_MCLSF_NM,토지피복중분류명,명V100,VARCHAR(100),,,
비오톱통계,,9,LNDCVG_SCLSF_NM,토지피복소분류명,명V100,VARCHAR(100),,,
비오톱통계,,10,LAND_AREA,토지면적,"면적N19,9","NUMERIC(19,9)",,,
비오톱통계,,11,FRST_RGTR_ID,최초등록자아이디,아이디V320,VARCHAR(320),Not Null,,
비오톱통계,,12,FRST_REG_DT,최초등록일시,연월일시분초,TIMESTAMP,Not Null,,
비오톱통계,,13,MDFR_ID,수정자아이디,아이디V320,VARCHAR(320),Not Null,,
비오톱통계,,14,MDFCN_DT,수정일시,연월일시분초,TIMESTAMP,Not Null,,
비오톱통계,,엔티티 타입명,구역별토지피복통계,작성일,20xx xx xx,,,,
비오톱통계,,테이블명,TS_ZONE_LNDCVG_STATS,작성자,홍길동,,,,
비오톱통계,,테이블 설명,,,,,,,
비오톱통계,,번호,컬럼명,속성명,도메인,데이터타입,NULL여부,기본값,KEY
비오톱통계,,1,FBCTN_YR,제작연도,연도C4,CHAR(4),Not Null,,PK
비오톱통계,,2,ADMDST_CD,행정구역코드,코드V10,VARCHAR(10),Not Null,,PK
비오톱통계,,3,ADMDST_SE_CD,행정구역구분코드,코드V10,VARCHAR(10),Not Null,,PK
비오톱통계,,4,LNDCVG_LCLSF_CD,토지피복대분류코드,코드V10,VARCHAR(10),Not Null,,PK
비오톱통계,,5,LNDCVG_MCLSF_CD,토지피복중분류코드,코드V10,VARCHAR(10),Not Null,,PK
비오톱통계,,6,LNDCVG_SCLSF_CD,토지피복소분류코드,코드V10,VARCHAR(10),Not Null,,PK
비오톱통계,,7,ADMDST_NM,행정구역명,명V40,VARCHAR(40),,,
비오톱통계,,8,LNDCVG_LCLSF_NM,토지피복대분류명,명V100,VARCHAR(100),,,
비오톱통계,,9,LNDCVG_MCLSF_NM,토지피복중분류명,명V100,VARCHAR(100),,,
비오톱통계,,10,LNDCVG_SCLSF_NM,토지피복소분류명,명V100,VARCHAR(100),,,
비오톱통계,,11,LAND_AREA,토지면적,"면적N19,9","NUMERIC(19,9)",,,
비오톱통계,,12,FRST_RGTR_ID,최초등록자아이디,아이디V320,VARCHAR(320),Not Null,,
비오톱통계,,13,FRST_REG_DT,최초등록일시,연월일시분초,TIMESTAMP,Not Null,,
비오톱통계,,14,MDFR_ID,수정자아이디,아이디V320,VARCHAR(320),Not Null,,
비오톱통계,,15,MDFCN_DT,수정일시,연월일시분초,TIMESTAMP,Not Null,,
비오톱통계,,엔티티 타입명,법정동별불투수성통계,작성일,20xx xx xx,,,,
비오톱통계,,테이블명,TS_STDG_IMPVS_STATS,작성자,홍길동,,,,
비오톱통계,,테이블 설명,,,,,,,
비오톱통계,,번호,컬럼명,속성명,도메인,데이터타입,NULL여부,기본값,KEY
비오톱통계,,1,FBCTN_YR,제작연도,연도C4,CHAR(4),Not Null,,PK
비오톱통계,,2,STDG_CD,법정동코드,코드C10,CHAR(10),Not Null,,PK
비오톱통계,,3,IMPVS_CD,불투수성코드,코드V10,VARCHAR(10),Not Null,,PK
비오톱통계,,4,STDG_NM,법정동명,명V40,VARCHAR(40),,,
비오톱통계,,5,IMPVS_NM,불투수성명,명V40,VARCHAR(40),Not Null,,
비오톱통계,,6,BIOTOP_AREA,비오톱면적,"면적N19,9","NUMERIC(19,9)",,,
비오톱통계,,7,FRST_RGTR_ID,최초등록자아이디,아이디V320,VARCHAR(320),Not Null,,
비오톱통계,,8,FRST_REG_DT,최초등록일시,연월일시분초,TIMESTAMP,Not Null,,
비오톱통계,,9,MDFR_ID,수정자아이디,아이디V320,VARCHAR(320),Not Null,,
비오톱통계,,10,MDFCN_DT,수정일시,연월일시분초,TIMESTAMP,Not Null,,
비오톱통계,,엔티티 타입명,구역별불투수성통계,작성일,20xx xx xx,,,,
비오톱통계,,테이블명,TS_ZONE_IMPVS_STATS,작성자,홍길동,,,,
비오톱통계,,테이블 설명,,,,,,,
비오톱통계,,번호,컬럼명,속성명,도메인,데이터타입,NULL여부,기본값,KEY
비오톱통계,,1,FBCTN_YR,제작연도,연도C4,CHAR(4),Not Null,,PK
비오톱통계,,2,ADMDST_CD,행정구역코드,코드V10,VARCHAR(10),Not Null,,PK
비오톱통계,,3,ADMDST_SE_CD,행정구역구분코드,코드V10,VARCHAR(10),Not Null,,PK
비오톱통계,,4,IMPVS_CD,불투수성코드,코드V10,VARCHAR(10),Not Null,,PK
비오톱통계,,5,ADMDST_NM,행정구역명,명V40,VARCHAR(40),,,
비오톱통계,,6,IMPVS_NM,불투수성명,명V40,VARCHAR(40),Not Null,,
비오톱통계,,7,BIOTOP_AREA,비오톱면적,"면적N19,9","NUMERIC(19,9)",,,
비오톱통계,,8,FRST_RGTR_ID,최초등록자아이디,아이디V320,VARCHAR(320),Not Null,,
비오톱통계,,9,FRST_REG_DT,최초등록일시,연월일시분초,TIMESTAMP,Not Null,,
비오톱통계,,10,MDFR_ID,수정자아이디,아이디V320,VARCHAR(320),Not Null,,
비오톱통계,,11,MDFCN_DT,수정일시,연월일시분초,TIMESTAMP,Not Null,,
온실가스,,엔티티 타입명,온실가스사업별목표감축량,작성일,20xx xx xx,,,,
온실가스,,테이블명,TM_GRGS_BIZ_GOAL_RDCQTY,작성자,홍길동,,,,
온실가스,,테이블 설명,,,,,,,
온실가스,,번호,컬럼명,속성명,도메인,데이터타입,NULL여부,기본값,KEY
온실가스,,1,CRTR_YR,기준연도,연도C4,CHAR(4),Not Null,,PK
온실가스,,2,SIGUN_CD,시군코드,코드C5,CHAR(5),Not Null,,PK
온실가스,,3,BIZ_LCLSF_NM,사업대분류명,명V100,VARCHAR(100),Not Null,,PK
온실가스,,4,BIZ_MCLSF_NM,사업중분류명,명V100,VARCHAR(100),Not Null,,PK
온실가스,,5,BIZ_SCLSF_NM,사업소분류명,명V100,VARCHAR(100),Not Null,,PK
온실가스,,6,SIGUN_NM,시군명,명V40,VARCHAR(40),,,
온실가스,,7,GRGS_RDCQTY,온실가스감축량,"수N20,10","NUMERIC(20,10)",,,
온실가스,,8,EXPRES_SEQ,표출순서,수N10,NUMERIC(10),,,
온실가스,,9,FRST_RGTR_ID,최초등록자아이디,아이디V320,VARCHAR(320),Not Null,,
온실가스,,10,FRST_REG_DT,최초등록일시,연월일시분초,TIMESTAMP,Not Null,,
온실가스,,11,MDFR_ID,수정자아이디,아이디V320,VARCHAR(320),Not Null,,
온실가스,,12,MDFCN_DT,수정일시,연월일시분초,TIMESTAMP,Not Null,,
